{
    "AD-AD": "Andorra",
    "AE-AJ": "‘Ajmān",
    "AE-AZ": "Abū Zaby (Abu Dhabi)",
    "AE-DU": "Dubayy (Dubai)",
    "AE-FU": "Al Fujayrah",
    "AE-RK": "R'as al Khaymah",
    "AE-SH": "Ash Shāriqah (Sharjah)",
    "AE-UQ": "Umm al Qaywayn",
    "AF-BAL": "Balkh",
    "AF-BAM": "Bāmīān",
    "AF-BDG": "Bādghīs",
    "AF-BDS": "Badakhshān",
    "AF-BGL": "Baghlān",
    "AF-FRA": "Farāh",
    "AF-FYB": "Fāryāb",
    "AF-GHA": "Ghaznī",
    "AF-GHO": "Ghowr",
    "AF-HEL": "Helmand",
    "AF-HER": "Herāt",
    "AF-JOW": "Jowzjān",
    "AF-KAB": "Kabul (Kābol)",
    "AF-KAN": "Kandahār",
    "AF-KAP": "Kāpīsā",
    "AF-KDZ": "Kondoz (Kunduz)",
    "AF-KNR": "Konar (Kunar)",
    "AF-LAG": "Laghmān",
    "AF-LOW": "Lowgar",
    "AF-NAN": "Nangrahār (Nangarhār)",
    "AF-NIM": "Nīmrūz",
    "AF-ORU": "Orūzgān (Urūzgā",
    "AF-PAR": "Parwān",
    "AF-PIA": "Paktīā",
    "AF-PKA": "Paktīkā",
    "AF-SAM": "Samangān",
    "AF-SAR": "Sar-e Pol",
    "AF-TAK": "Takhār",
    "AF-WAR": "Wardak (Wardag)",
    "AF-ZAB": "Zābol (Zābul)",
    "AG-AG": "Antigua & Barbuda",
    "AI-AI": "Anguilla",
    "AL-BR": "Berat",
    "AL-BU": "Bulqizë",
    "AL-DI": "Dibër",
    "AL-DL": "Delvinë",
    "AL-DR": "Durrës",
    "AL-DV": "Devoll",
    "AL-EL": "Elbasan",
    "AL-ER": "Kolonjë",
    "AL-FR": "Fier",
    "AL-GJ": "Gjirokastër",
    "AL-GR": "Gramsh",
    "AL-HA": "Has",
    "AL-KA": "Kavajë",
    "AL-KC": "Kucovë",
    "AL-KO": "Korcë",
    "AL-KR": "Krujë",
    "AL-KU": "Kukës",
    "AL-LA": "Laç",
    "AL-LB": "Librazhd",
    "AL-LE": "Lezhë",
    "AL-LU": "Lushnjë",
    "AL-MK": "Mallakastër",
    "AL-MM": "Malësia e Madhe",
    "AL-MR": "Mirditë",
    "AL-MT": "Mat",
    "AL-PG": "Pogradec",
    "AL-PQ": "Peqin",
    "AL-PR": "Përmet",
    "AL-PU": "Pukë",
    "AL-SH": "Shkodër",
    "AL-SK": "Skrapar",
    "AL-SR": "Sarandë",
    "AL-TE": "Tepelenë",
    "AL-TP": "Tropojë",
    "AL-TR": "Tiranë",
    "AL-VL": "Vlorë",
    "AM-AG": "Aragacotn",
    "AM-AR": "Ararat",
    "AM-AV": "Armavir",
    "AM-ER": "Erevan",
    "AM-GR": "Geģark'unik'",
    "AM-KT": "Kotayk'",
    "AM-LO": "Loŕy",
    "AM-SH": "Širak",
    "AM-SU": "Syunik'",
    "AM-TV": "Tavuš",
    "AM-VD": "Vayoc Jor",
    "AN-AN": "Netherlands Antilles",
    "AO-BGO": "Bengo",
    "AO-BGU": "Benguela",
    "AO-BIE": "Bié",
    "AO-CAB": "Cabinda",
    "AO-CCU": "Cuando-Cubango",
    "AO-CNN": "Cunene",
    "AO-CNO": "Cuanza Norte",
    "AO-CUS": "Cuanza Sul",
    "AO-HUA": "Huambo",
    "AO-HUI": "Huíla",
    "AO-LNO": "Lunda Norte",
    "AO-LSU": "Lunda Sul",
    "AO-LUA": "Luanda",
    "AO-MAL": "Malange",
    "AO-MOX": "Moxico",
    "AO-NAM": "Namibe",
    "AO-UIG": "Uíge",
    "AO-ZAI": "Zaïre",
    "AQ-AQ": "Antarctica",
    "AR-A": "Salta",
    "AR-B": "Buenos Aires",
    "AR-C": "Capital federal",
    "AR-D": "San Luis",
    "AR-E": "Entre Ríos",
    "AR-F": "La Rioja",
    "AR-G": "Santiago del Estero",
    "AR-H": "Chaco",
    "AR-J": "San Juan",
    "AR-K": "Catamarca",
    "AR-L": "La Pampa",
    "AR-M": "Mendoza",
    "AR-N": "Misiones",
    "AR-P": "Formosa",
    "AR-Q": "Neuquén",
    "AR-R": "Río Negro",
    "AR-S": "Santa Fe",
    "AR-T": "Tucumán",
    "AR-U": "Chubut",
    "AR-V": "Tierra del Fuego",
    "AR-W": "Corrientes",
    "AR-X": "Córdoba",
    "AR-Y": "Jujuy",
    "AR-Z": "Santa Cruz",
    "AS-AS": "American Samoa",
    "AT-1": "Burgenland",
    "AT-2": "Kärnten",
    "AT-3": "Niederösterreich",
    "AT-4": "Oberösterreich",
    "AT-5": "Salzburg",
    "AT-6": "Steiermark",
    "AT-7": "Tirol",
    "AT-8": "Vorarlberg",
    "AT-9": "Wien",
    "AU-ACT": "Australian Capital Territory",
    "AU-NSW": "New South Wales",
    "AU-NT": "Northern Territory",
    "AU-QLD": "Queensland",
    "AU-SA": "South Australia",
    "AU-TAS": "Tasmania",
    "AU-VIC": "Victoria",
    "AU-WA": "Western Australia",
    "AW-AW": "Aruba",
    "AZ-AB": "Äli Bayramli",
    "AZ-ABS": "Abşeron",
    "AZ-AGA": "Ağstafa",
    "AZ-AGC": "Ağcabädi",
    "AZ-AGM": "Ağdam",
    "AZ-AGS": "Ağdas",
    "AZ-AGU": "Ağsu",
    "AZ-AST": "Astara",
    "AZ-BA": "Baki",
    "AZ-BAB": "Babäk",
    "AZ-BAL": "Balakän",
    "AZ-BAR": "Bärdä",
    "AZ-BEY": "Beyläqan",
    "AZ-BIL": "Biläsuvar",
    "AZ-CAB": "Cäbrayil",
    "AZ-CAL": "Cälilabad",
    "AZ-CUL": "Culfa",
    "AZ-DAS": "Daşkäsän",
    "AZ-DAV": "Däväçi",
    "AZ-FUZ": "Füzuli",
    "AZ-GA": "Gäncä",
    "AZ-GAD": "Gädäbäy",
    "AZ-GOR": "Goranboy",
    "AZ-GOY": "Göyçay",
    "AZ-HAC": "Haciqabul",
    "AZ-IMI": "Imişli",
    "AZ-ISM": "Ismayilli",
    "AZ-KAL": "Kälbäcär",
    "AZ-KUR": "Kürdämir",
    "AZ-LA": "Länkäran",
    "AZ-LAC": "Laçin",
    "AZ-LAN": "Länkäran",
    "AZ-LER": "Lerik",
    "AZ-MAS": "Masalli",
    "AZ-MI": "Mingäçevir",
    "AZ-MM": "Naxçivan",
    "AZ-NA": "Naftalan",
    "AZ-NEF": "Neftçala",
    "AZ-OGU": "Oğuz",
    "AZ-ORD": "Ordubad",
    "AZ-QAB": "Qäbälä",
    "AZ-QAX": "Qax",
    "AZ-QAZ": "Qazax",
    "AZ-QBA": "Quba",
    "AZ-QBI": "Qubadlı",
    "AZ-QOB": "Qobustan",
    "AZ-QUS": "Qusar",
    "AZ-SA": "Şäki",
    "AZ-SAB": "Sabirabad",
    "AZ-SAD": "Sädäräk",
    "AZ-SAH": "Şahbuz",
    "AZ-SAK": "Şäki",
    "AZ-SAL": "Salyan",
    "AZ-SAR": "Şärur",
    "AZ-SAT": "Saatli",
    "AZ-SIY": "Siyäzän",
    "AZ-SKR": "Şämkir",
    "AZ-SM": "Sumqayit",
    "AZ-SMI": "Şamaxı",
    "AZ-SMX": "Samux",
    "AZ-SS": "Şuşa",
    "AZ-SUS": "Şuşa",
    "AZ-TAR": "Tärtär",
    "AZ-TOV": "Tovuz",
    "AZ-UCA": "Ucar",
    "AZ-XA": "Xankändi",
    "AZ-XAC": "Xaçmaz",
    "AZ-XAN": "Xanlar",
    "AZ-XCI": "Xocalı",
    "AZ-XIZ": "Xizi",
    "AZ-XVD": "Xocavänd",
    "AZ-YAR": "Yardimli",
    "AZ-YE": "Yevlax",
    "AZ-YEV": "Yevlax",
    "AZ-ZAN": "Zängılan",
    "AZ-ZAQ": "Zaqatala",
    "AZ-ZAR": "Zärdab",
    "BA-BIH": "Federacija Bosna i Hercegovina",
    "BA-SRP": "Republika Srpska",
    "BB-08": "Saint Michael",
    "BB-BB": "Barbados",
    "BD-1": "Barisal bibhag",
    "BD-2": "Chittagong bibhag",
    "BD-3": "Dhaka bibhag",
    "BD-4": "Khulna bibhag",
    "BD-5": "Rajshahi bibhag",
    "BE-BRU": "Bruxelles-Capitale, Region de (fr), Brussels Hoofdstedelijk Gewest (nl)",
    "BE-VLG": "Vlaamse Gewest (nl)",
    "BE-WAL": "Wallonne, Region (fr)",
    "BF-BAL": "Balé",
    "BF-BAM": "Bam",
    "BF-BAN": "Banwa",
    "BF-BAZ": "Bazèga",
    "BF-BGR": "Bougouriba",
    "BF-BLG": "Boulgou",
    "BF-BLK": "Boulkiemdé",
    "BF-COM": "Comoé",
    "BF-GAN": "Ganzourgou",
    "BF-GNA": "Gnagna",
    "BF-GOU": "Gourma",
    "BF-HOU": "Houet",
    "BF-IOB": "Ioba",
    "BF-KAD": "Kadiogo",
    "BF-KEN": "Kénédougou",
    "BF-KMD": "Komondjari",
    "BF-KMP": "Kompienga",
    "BF-KOP": "Koulpélogo",
    "BF-KOS": "Kossi",
    "BF-KOT": "Kouritenga",
    "BF-KOW": "Kourwéogo",
    "BF-LER": "Léraba",
    "BF-LOR": "Loroum",
    "BF-MOU": "Mouhoun",
    "BF-NAM": "Namentenga",
    "BF-NAO": "Nahouri",
    "BF-NAY": "Nayala",
    "BF-NOU": "Noumbiel",
    "BF-OUB": "Oubritenga",
    "BF-OUD": "Oudalan",
    "BF-PAS": "Passoré",
    "BF-PON": "Poni",
    "BF-SEN": "Séno",
    "BF-SIS": "Sissili",
    "BF-SMT": "Sanmatenga",
    "BF-SNG": "Sanguié",
    "BF-SOM": "Soum",
    "BF-SOR": "Sourou",
    "BF-TAP": "Tapoa",
    "BF-TUI": "Tui",
    "BF-YAG": "Yagha",
    "BF-YAT": "Yatenga",
    "BF-ZIR": "Ziro",
    "BF-ZON": "Zondoma",
    "BF-ZOU": "Zoundwéogo",
    "BG-01": "Sofija-Grad",
    "BG-02": "Burgas",
    "BG-03": "Varna",
    "BG-04": "Loveč",
    "BG-05": "Montana",
    "BG-06": "Plovdiv",
    "BG-07": "Ruse",
    "BG-08": "Sofija",
    "BG-09": "Haskovo",
    "BH-01": "Al Ḩadd",
    "BH-02": "Al Muḩarraq",
    "BH-03": "Al Manāmah",
    "BH-04": "Jidd Ḩafş",
    "BH-05": "Al Minţaqah ash Shamālīyah",
    "BH-06": "Sitrah",
    "BH-07": "Al Minţaqah al Wusţa",
    "BH-08": "Madīnat ‘Īsá",
    "BH-09": "Ar Rifā‘",
    "BH-10": "Al Minţaqah al Gharbīyah",
    "BH-11": "Minţaqat Juzur Ḩawār",
    "BH-12": "Madīnat Ḩamad",
    "BI-BB": "Bubanza",
    "BI-BJ": "Bujumbura",
    "BI-BR": "Bururi",
    "BI-CA": "Cankuzo",
    "BI-CI": "Cibitoke",
    "BI-GI": "Gitega",
    "BI-KI": "Kirundo",
    "BI-KR": "Karuzi",
    "BI-KY": "Kayanza",
    "BI-MA": "Makamba",
    "BI-MU": "Muramvya",
    "BI-MY": "Muyinga",
    "BI-NG": "Ngozi",
    "BI-RT": "Rutana",
    "BI-RY": "Ruyigi",
    "BJ-AK": "Atakora",
    "BJ-AQ": "Atlantique",
    "BJ-BO": "Borgou",
    "BJ-MO": "Mono",
    "BJ-OU": "Ouémé",
    "BJ-ZO": "Zou",
    "BM-BM": "Bermuda",
    "BN-BE": "Belait",
    "BN-BM": "Brunei-Muara",
    "BN-TE": "Temburong",
    "BN-TU": "Tutong",
    "BO-B": "El Beni",
    "BO-C": "Cochabamba",
    "BO-H": "Chuquisaca",
    "BO-L": "La Paz",
    "BO-N": "Pando",
    "BO-O": "Oruro",
    "BO-P": "Potosi",
    "BO-S": "Santa Cruz",
    "BO-T": "Tarija",
    "BR-AC": "Acre",
    "BR-AL": "Alagoas",
    "BR-AM": "Amazonas",
    "BR-AP": "Amapá",
    "BR-BA": "Bahia",
    "BR-CE": "Ceará",
    "BR-DF": "Distrito Federal",
    "BR-ES": "Espírito Santo",
    "BR-GO": "Goiás",
    "BR-MA": "Maranhāo",
    "BR-MG": "Minas Gerais",
    "BR-MS": "Mato Grosso do Sul",
    "BR-MT": "Mato Grosso",
    "BR-PA": "Pará",
    "BR-PB": "Paraíba",
    "BR-PE": "Pernambuco",
    "BR-PI": "Piauí",
    "BR-PR": "Paraná",
    "BR-R0": "Rondônia",
    "BR-RJ": "Rio de Janeiro",
    "BR-RN": "Rio Grande do Norte",
    "BR-RR": "Roraima",
    "BR-RS": "Rio Grande do Sul",
    "BR-SC": "Santa Catarina",
    "BR-SE": "Sergipe",
    "BR-SP": "São Paulo",
    "BR-TO": "Tocantins",
    "BS-AC": "Acklins and Crooked Islands",
    "BS-BI": "Bimini",
    "BS-CI": "Cat Island",
    "BS-EX": "Exuma",
    "BS-FC": "Fresh Creek",
    "BS-FP": "Freeport",
    "BS-GH": "Governor's Harbour",
    "BS-GT": "Green Turtle Cay",
    "BS-HI": "Harbour Island",
    "BS-HR": "High Rock",
    "BS-IN": "Inagua",
    "BS-KB": "Kemps Bay",
    "BS-LI": "Long Island",
    "BS-MG": "Mayaguana",
    "BS-MH": "Marsh Harbour",
    "BS-NB": "Nicholls Town and Berry Islands",
    "BS-NP": "New Providence",
    "BS-RI": "Ragged Island",
    "BS-RS": "Rock Sound",
    "BS-SP": "Sandy Point",
    "BS-SR": "San Salvador and Rum Cay",
    "BT-11": "Paro",
    "BT-12": "Chhukha",
    "BT-13": "Ha",
    "BT-14": "Samtse",
    "BT-15": "Thimphu",
    "BT-21": "Tsirang",
    "BT-22": "Dagana",
    "BT-23": "Punakha",
    "BT-24": "Wangdue Phodrang",
    "BT-31": "Sarpang",
    "BT-32": "Trongsa",
    "BT-33": "Bumthang",
    "BT-34": "Zhemgang",
    "BT-41": "Trashigang",
    "BT-42": "Monggar",
    "BT-43": "Pemagatshel",
    "BT-44": "Lhuentse",
    "BT-45": "Samdrup Jongkha",
    "BT-GA": "Gasa",
    "BT-TY": "Trashi Yangtse",
    "BV-BV": "Bouvet Island",
    "BW-CE": "Central [Serowe-Palapye]",
    "BW-CH": "Chobe",
    "BW-GH": "Ghanzi",
    "BW-KG": "Kgalagadi",
    "BW-KL": "Kgatleng",
    "BW-KW": "Kweneng",
    "BW-NE": "North-East",
    "BW-NG": "Ngamiland [North-West]",
    "BW-SE": "South-East",
    "BW-SO": "Southern [Ngwaketse]",
    "BY-BR": "Brestskaya voblasts'",
    "BY-HM": "Minsk City",
    "BY-HO": "Homyel'skaya voblasts’",
    "BY-HR": "Hrodnenskaya voblasts'",
    "BY-MA": "Mahilyowskaya voblasts'",
    "BY-MI": "Minskaya voblasts'",
    "BY-VI": "Vitsyebskaya voblasts'",
    "BZ-BZ": "Belize",
    "BZ-CY": "Cayo",
    "BZ-CZL": "Corozal",
    "BZ-OW": "Orange Walk",
    "BZ-SC": "Stann Creek",
    "BZ-TOL": "Toledo",
    "CA-AB": "Alberta",
    "CA-BC": "British Columbia (Colombie-Britannique)",
    "CA-MB": "Manitoba",
    "CA-NB": "New Brunswick (Nouveau-Brunswick)",
    "CA-NL": "Newfoundland and Labrador (Terre-Neuve)",
    "CA-NS": "Nova Scotia (Nouvelle-Écosse)",
    "CA-NT": "Northwest Territories (Territoires du Nord-Ouest)",
    "CA-NU": "Nunavut",
    "CA-ON": "Ontario",
    "CA-PE": "Prince Edward Island (Île-du-Prince-Édouard)",
    "CA-QC": "Quebec (Québec)",
    "CA-SK": "Saskatchewan",
    "CA-YT": "Yukon Territory (Teritoire du Yukon)",
    "CC-CC": "Cocos (Keeling) Islands",
    "CD-BC": "Bas-Congo",
    "CD-BN": "Bandundu",
    "CD-EQ": "Équateur",
    "CD-HC": "Haut-Congo",
    "CD-KA": "Katanga",
    "CD-KE": "Kasai-Oriental",
    "CD-KN": "Kinshasa",
    "CD-KW": "Kasai-Occidental",
    "CD-MA": "Maniema",
    "CD-NK": "Nord-Kivu",
    "CD-SK": "Sud-Kivu",
    "CF-AC": "Ouham",
    "CF-BB": "Bamingui-Bangoran",
    "CF-BGF": "Bangui",
    "CF-BK": "Basse-Kotto",
    "CF-HK": "Haute-Kotto",
    "CF-HM": "Haut-Mbomou",
    "CF-HS": "Mambéré-Kadéï",
    "CF-KB": "Nana-Grébizi",
    "CF-KG": "Kémo",
    "CF-LB": "Lobaye",
    "CF-MB": "Mbomou",
    "CF-MP": "Ombella-Mpoko",
    "CF-NM": "Nana-Mambéré",
    "CF-OP": "Ouham-Pendé",
    "CF-SE": "Sangha-Mbaéré",
    "CF-UK": "Ouaka",
    "CF-VK": "Vakaga",
    "CG-11": "Bouenza",
    "CG-12": "Pool",
    "CG-13": "Sangha",
    "CG-14": "Plateaux",
    "CG-15": "Cuvette-Ouest",
    "CG-2": "Lékoumou",
    "CG-5": "Kouilou",
    "CG-7": "Likouala",
    "CG-8": "Cuvette",
    "CG-9": "Niari",
    "CG-BZV": "Brazzaville",
    "CH-AG": "Aargau",
    "CH-AI": "Appenzell Inner-Rhoden",
    "CH-AR": "Appenzell Ausser-Rhoden",
    "CH-BE": "Bern",
    "CH-BL": "Basel-Landschaft",
    "CH-BS": "Basel-Stadt",
    "CH-FR": "Freiburg",
    "CH-GE": "Geneve",
    "CH-GL": "Glarus",
    "CH-GR": "Graubünden",
    "CH-JU": "Jura",
    "CH-LU": "Luzern",
    "CH-NE": "Neuchatel",
    "CH-NW": "Nidwalden",
    "CH-OW": "Obwalden",
    "CH-SG": "Sankt Gallen",
    "CH-SH": "Schaffhausen",
    "CH-SO": "Solothurn",
    "CH-SZ": "Schwyz",
    "CH-TG": "Thurgau",
    "CH-TI": "Ticino",
    "CH-UR": "Uri",
    "CH-VD": "Vaud",
    "CH-VS": "Wallis",
    "CH-ZG": "Zug",
    "CH-ZH": "Zürich",
    "CI-01": "Lagunes (Région des)",
    "CI-02": "Haut-Sassandra (Région du)",
    "CI-03": "Savanes (Région des)",
    "CI-04": "Vallée du Bandama (Région de la)",
    "CI-05": "Moyen-Comoé (Région du)",
    "CI-06": "18 Montagnes (Région des)",
    "CI-07": "Lacs (Région des)",
    "CI-08": "Zanzan (Région du)",
    "CI-09": "Bas-Sassandra (Région du)",
    "CI-10": "Denguélé (Région du)",
    "CI-11": "Nzi-Comoé (Région)",
    "CI-12": "Marahoué (Région de la)",
    "CI-13": "Sud-Comoé (Région du)",
    "CI-14": "Worodougou (Région du)",
    "CI-15": "Sud-Bandama (Région du)",
    "CI-16": "Agnébi (Région de l')",
    "CI-31": "Gbêkê",
    "CK-CK": "Cook Islands",
    "CL-AI": "Aisén del General Carlos Ibáñiez del Campo",
    "CL-AN": "Antofagasta",
    "CL-AR": "Araucanía",
    "CL-AT": "Atacama",
    "CL-BI": "Bío-Bío",
    "CL-CO": "Coquimbo",
    "CL-LI": "Libertador General Bernardo O'Higgins",
    "CL-LL": "Los Lagos",
    "CL-MA": "Magallanes",
    "CL-ML": "Maule",
    "CL-RM": "Regíon Metropolitana de Santiago",
    "CL-TA": "Tarapacá",
    "CL-VS": "Valparaiso",
    "CM-AD": "Adamaoua",
    "CM-CE": "Centre",
    "CM-EN": "Far North",
    "CM-ES": "Est",
    "CM-LT": "Littoral",
    "CM-NO": "North",
    "CM-NW": "North-West",
    "CM-OU": "West",
    "CM-SU": "South",
    "CM-SW": "South-West",
    "CN-11": "Beijing",
    "CN-12": "Tianjin",
    "CN-13": "Hebei",
    "CN-14": "Shanxi",
    "CN-15": "Nei Monggol",
    "CN-21": "Liaoning",
    "CN-22": "Jilin",
    "CN-23": "Heilongjiang",
    "CN-31": "Shanghai",
    "CN-32": "Jiangsu",
    "CN-33": "Zhejiang",
    "CN-34": "Anhui",
    "CN-35": "Fujian",
    "CN-36": "Jiangxi",
    "CN-37": "Shandong",
    "CN-41": "Henan",
    "CN-42": "Hubei",
    "CN-43": "Hunan",
    "CN-44": "Guangdong",
    "CN-45": "Guangxi",
    "CN-46": "Hainan",
    "CN-50": "Chongqing",
    "CN-51": "Sichuan",
    "CN-52": "Guizhou",
    "CN-53": "Yunnan",
    "CN-54": "Xizang",
    "CN-61": "Shaanxi",
    "CN-62": "Gansu",
    "CN-63": "Qinghai",
    "CN-64": "Ningxia",
    "CN-65": "Xinjiang",
    "CN-71": "Taiwan",
    "CN-91": "Hong Kong",
    "CN-MO": "Macao",
    "CO-AMA": "Amazonas",
    "CO-ANT": "Antioguia",
    "CO-ARA": "Arauca",
    "CO-ATL": "Atlántico",
    "CO-BOL": "Bolívar",
    "CO-BOY": "Boyacá",
    "CO-CAL": "Caldas",
    "CO-CAQ": "Caquetá",
    "CO-CAS": "Casanare",
    "CO-CAU": "Cauca",
    "CO-CES": "Cesar",
    "CO-CHO": "Chocó",
    "CO-COR": "Córdoba",
    "CO-CUN": "Cundinamarca",
    "CO-DC": "Distrito Capital de Santa Fe de Bogota",
    "CO-GUA": "Guainía",
    "CO-GUV": "Guaviare",
    "CO-HUI": "Huila",
    "CO-LAG": "La Guajira",
    "CO-MAG": "Magdalena",
    "CO-MET": "Meta",
    "CO-NAR": "Nariño",
    "CO-NSA": "Norte de Santander",
    "CO-PUT": "Putumayo",
    "CO-QUI": "Quindío",
    "CO-RIS": "Risaralda",
    "CO-SAN": "Santander",
    "CO-SAP": "San Andrés, Providencia y Santa Catalina",
    "CO-SUC": "Sucre",
    "CO-TOL": "Tolima",
    "CO-VAC": "Valle del Cauca",
    "CO-VAU": "Vaupés",
    "CO-VID": "Vichada",
    "CR-A": "Alajuela",
    "CR-C": "Cartago",
    "CR-G": "Guanacaste",
    "CR-H": "Heredia",
    "CR-L": "Limón",
    "CR-P": "Puntarenas",
    "CR-SJ": "San José",
    "CU-01": "Pinar del Río",
    "CU-02": "La Habana",
    "CU-03": "Ciudad de La Habana",
    "CU-04": "Matanzas",
    "CU-05": "Villa Clara",
    "CU-07": "Sancti Spíritus",
    "CU-09": "Camagüey",
    "CU-10": "Las Tunas",
    "CU-11": "Holguín",
    "CU-12": "Granma",
    "CU-13": "Santiago de Cuba",
    "CU-14": "Guantánamo",
    "CU-15": "Artemisa",
    "CU-99": "Isla de la Juventud",
    "CV-B": "Ilhas de Barlavento",
    "CV-S": "Ilhas de Sotavento",
    "CX-CX": "Christmas Island",
    "CY-01": "Lefkosia (Lefkoşa)",
    "CY-02": "Lemesos (Leymosun)",
    "CY-03": "Larnaka",
    "CY-04": "Ammochostos (Mağusa)",
    "CY-05": "Pafos (Baf)",
    "CY-06": "Keryneia (Girne)",
    "CZ-10": "Prague",
    "CZ-CJC": "Jihočeský kraj",
    "CZ-CJM": "Jihomoravský kraj",
    "CZ-CSC": "Severočeský kraj",
    "CZ-CSM": "Severomoravský kraj",
    "CZ-CST": "Středočeský kraj",
    "CZ-CVC": "Východočeský kraj",
    "CZ-CZC": "Západočeský kraj",
    "CZ-PRG": "Praha",
    "DE-BB": "Brandenburg",
    "DE-BE": "Berlin",
    "DE-BW": "Baden-Württemberg",
    "DE-BY": "Bayern",
    "DE-HB": "Bremen",
    "DE-HE": "Hessen",
    "DE-HH": "Hamburg",
    "DE-MV": "Mecklenburg-Vorpommern",
    "DE-NI": "Niedersachsen",
    "DE-NW": "Nordrhein-Westfalen",
    "DE-RP": "Rheinland-Pfalz",
    "DE-SH": "Schleswig-Holstein",
    "DE-SL": "Saarland",
    "DE-SN": "Sachsen",
    "DE-ST": "Sachsen-Anhalt",
    "DE-TH": "Thüringen",
    "DJ-AS": "Ali Sabieh",
    "DJ-DI": "Dikhil",
    "DJ-DJ": "Djibouti",
    "DJ-OB": "Obock",
    "DJ-TA": "Tadjoura",
    "DK-015": "Kǿbenhavn",
    "DK-020": "Frederiksborg",
    "DK-025": "Roskilde",
    "DK-030": "Vestsjælland",
    "DK-035": "Storstrǿm",
    "DK-040": "Bornholm",
    "DK-042": "Fyn",
    "DK-050": "Sǿnderjylland",
    "DK-055": "Ribe",
    "DK-060": "Vejle",
    "DK-065": "Ringkǿbing",
    "DK-070": "Århus",
    "DK-076": "Viborg",
    "DK-080": "Nordjylland",
    "DK-101": "Kǿbenhavn",
    "DK-147": "Frederiksberg",
    "DK-84": "Hovedstaden",
    "DM-DM": "Dominica",
    "DO-01": "Distrito Nacional",
    "DO-15": "Monte Cristi",
    "DO-18": "Puerto Plata",
    "DO-21": "San Cristóbal",
    "DO-25": "Santiago",
    "DO-AL": "La Altagracia",
    "DO-AZ": "Azua",
    "DO-BH": "Barahona",
    "DO-BR": "Bahoruco",
    "DO-CR": "San Cristóbal",
    "DO-DA": "Dajabón",
    "DO-DN": "Distrito National (Santo Domingo)",
    "DO-DU": "Duarte",
    "DO-EP": "La Estrelleta [Elías Piña]",
    "DO-HM": "Hato Mayor",
    "DO-IN": "Independencia",
    "DO-JU": "San Juan",
    "DO-MC": "Monte Cristi",
    "DO-MN": "Monseñor Nouel",
    "DO-MP": "Monte Plata",
    "DO-MT": "María Trinidad Sánchez",
    "DO-PM": "San Pedro de Macorís",
    "DO-PN": "Pedernales",
    "DO-PP": "Puerto Plata",
    "DO-PR": "Peravia",
    "DO-RO": "La Romana",
    "DO-SC": "Salcedo",
    "DO-SE": "El Seibo",
    "DO-SM": "Samaná",
    "DO-SR": "Santiago Rodríguez",
    "DO-ST": "Santiago",
    "DO-SZ": "Sanchez Ramírez",
    "DO-VA": "Valverde",
    "DO-VE": "La Vega",
    "DZ-01": "Adrar",
    "DZ-02": "Chlef",
    "DZ-03": "Laghouat",
    "DZ-04": "Oum el Bouaghi",
    "DZ-05": "Batna",
    "DZ-06": "Béjaïa",
    "DZ-07": "Biskra",
    "DZ-08": "Béchar",
    "DZ-09": "Blida",
    "DZ-10": "Bouira",
    "DZ-11": "Tamanghasset",
    "DZ-12": "Tébessa",
    "DZ-13": "Tlemcen",
    "DZ-14": "Tiaret",
    "DZ-15": "Tizi Ouzou",
    "DZ-16": "Alger",
    "DZ-17": "Djelfa",
    "DZ-18": "Jijel",
    "DZ-19": "Sétif",
    "DZ-20": "Saïda",
    "DZ-21": "Skikda",
    "DZ-22": "Sidi Bel Abbès",
    "DZ-24": "Guelma",
    "DZ-25": "Constantine",
    "DZ-26": "Médéa",
    "DZ-27": "Mostaganem",
    "DZ-28": "Msila",
    "DZ-29": "Mascara",
    "DZ-30": "Ouargla",
    "DZ-31": "Oran",
    "DZ-32": "El Bayadh",
    "DZ-33": "Illizi",
    "DZ-34": "Bordj Bou Arréridj",
    "DZ-35": "Boumerdès",
    "DZ-36": "El Tarf",
    "DZ-37": "Tindouf",
    "DZ-38": "Tissemsilt",
    "DZ-39": "El Oued",
    "DZ-40": "Khenchela",
    "DZ-41": "Souk Ahras",
    "DZ-42": "Tipaza",
    "DZ-43": "Mila",
    "DZ-44": "Aïn Defla",
    "DZ-45": "Naama",
    "DZ-46": "Aïn Témouchent",
    "DZ-47": "Ghardaïa",
    "DZ-48": "Relizane",
    "EC-A": "Azuay",
    "EC-B": "Bolívar",
    "EC-C": "Carchi",
    "EC-E": "Esmeraldas",
    "EC-F": "Cañar",
    "EC-G": "Guayas",
    "EC-H": "Chimborazo",
    "EC-I": "Imbabura",
    "EC-L": "Loja",
    "EC-M": "Manabí",
    "EC-N": "Napo",
    "EC-O": "El Oro",
    "EC-P": "Pichincha",
    "EC-R": "Los Ríos",
    "EC-S": "Morona-Santiago",
    "EC-T": "Tungurahua",
    "EC-U": "Sucumbíos",
    "EC-W": "Galápagos",
    "EC-X": "Cotopaxi",
    "EC-Y": "Pastaza",
    "EC-Z": "Zarnora-Chinchipe",
    "EE-37": "Harjumaa",
    "EE-39": "Hiiumaa",
    "EE-44": "Ida-Virumaa",
    "EE-49": "Jōgevamaa",
    "EE-51": "Järvamaa",
    "EE-57": "Läänemaa",
    "EE-59": "Lääne-Virumaa",
    "EE-65": "Pōlvamaa",
    "EE-67": "Pärnumaa",
    "EE-70": "Raplamaa",
    "EE-74": "Saaremaa",
    "EE-78": "Tartumaa",
    "EE-82": "Valgamaa",
    "EE-84": "Viljandimaa",
    "EE-86": "Vōrumaa",
    "EG-ALX": "Al Iskandarīyah",
    "EG-ASN": "Aswān",
    "EG-AST": "Asyūţ",
    "EG-BA": "Al Baḩr al Aḩmar",
    "EG-BH": "Al Buḩayrah",
    "EG-BNS": "Banī Suwayf",
    "EG-C": "Al Qāhirah",
    "EG-DK": "Ad Daqahlīyah",
    "EG-DT": "Dumyāţ",
    "EG-FYM": "Al Fayyūm",
    "EG-GH": "Al Gharbīyah",
    "EG-GZ": "Al Jīzah",
    "EG-IS": "Al Ismā‘īlīyah",
    "EG-JS": "Janūb Sīnā'",
    "EG-KB": "Al Qalyūbīyah",
    "EG-KFS": "Kafr ash Shaykh",
    "EG-KN": "Qinā",
    "EG-MN": "Al Minyā",
    "EG-MNF": "Al Minūfīyah",
    "EG-MT": "Maţrūḩ",
    "EG-PTS": "Būr Sa‘īd",
    "EG-SHG": "Sūhāj",
    "EG-SHR": "Ash Sharqīyah",
    "EG-SIN": "Shamāl Sīnā'",
    "EG-SUZ": "As Suways",
    "EG-WAD": "Al Wādī al Jadīd",
    "EH-EH": "Western Sahara",
    "ER-AG": "Akele Guzai [Akalä Guzay]",
    "ER-AS": "Asmara [Asmära]",
    "ER-BA": "Barka",
    "ER-DE": "Denkalia [Dänkali]",
    "ER-GS": "Gash-Setit [Gaš enna Sätit]",
    "ER-HA": "Hamasien [Hamasén]",
    "ER-SA": "Sahel",
    "ER-SM": "Semhar [Sämhar]",
    "ER-SN": "Senhit [Sänhet]",
    "ER-SR": "Seraye [Särayé]",
    "ES-AN": "Andalucía",
    "ES-AR": "Aragón",
    "ES-AS": "Asturias",
    "ES-CL": "Castilla y León",
    "ES-CM": "Castilla-La Mancha",
    "ES-CN": "Canarias",
    "ES-CT": "Cataluña",
    "ES-EX": "Extremadura",
    "ES-GA": "Galicia",
    "ES-IB": "Illes Balears",
    "ES-LO": "La Rioja",
    "ES-M": "Madrid, Comunidad de",
    "ES-MD": "Madrid",
    "ES-MU": "Murcia, Región de",
    "ES-NA": "Navarra, Comunidad Foral de",
    "ES-NC": "Navarra",
    "ES-O": "Asturias, Principado de",
    "ES-PM": "Islas Baleares",
    "ES-PV": "País Vasco",
    "ES-S": "Cantabria",
    "ES-SS": "Gipuzkoa",
    "ES-VC": "Valenciana, Comunidad",
    "ET-AA": "Addis Ababa [Addis Abeba]",
    "ET-AF": "Afar",
    "ET-AM": "Amara [Amhara]",
    "ET-BE": "Benshangul-Gumaz [Bénishangul]",
    "ET-GA": "Gambela Peoples [Gambéla]",
    "ET-HA": "Harari People [Harer]",
    "ET-OR": "Oromia [Oromo]",
    "ET-SN": "Southern Nations, Nationalities and Peoples",
    "ET-SO": "Somali",
    "ET-TI": "Tigrai [Tegré]",
    "FI-15": "Pohjois-Savo",
    "FI-17": "Satakunta",
    "FI-18": "Päijät-Häme",
    "FI-AL": "Ahvenanmaan lääni",
    "FI-ES": "Etelä-Suomen lääni",
    "FI-IS": "Itä-Suomen lääni",
    "FI-LL": "Lapin lääni",
    "FI-LS": "Länsi-Suomen lääni",
    "FI-OL": "Oulun lääni",
    "FJ-C": "Central",
    "FJ-E": "Eastern",
    "FJ-N": "Northern",
    "FJ-R": "Rotuma",
    "FJ-W": "Western",
    "FK-FK": "Falkland Islands (Malvinas)",
    "FM-KSA": "Kosrae",
    "FM-PNI": "Pohnpei",
    "FM-TRK": "chuuk",
    "FM-YAP": "Yap",
    "FO-FO": "Faroe Islands",
    "FR-02": "Aisne",
    "FR-06": "Alpes-Maritimes",
    "FR-31": "Haute-Garonne",
    "FR-33": "Gironde",
    "FR-36": "Indre",
    "FR-59": "Nord",
    "FR-64": "Pyrénées-Atlantiques",
    "FR-67": "Bas-Rhin",
    "FR-75": "Paris",
    "FR-77": "Seine-et-Marne",
    "FR-78": "Yvelines",
    "FR-91": "Essonne",
    "FR-93": "Seine-Saint-Denis",
    "FR-95": "Val-d'Oise",
    "FR-A": "Alsace",
    "FR-B": "Aquitaine",
    "FR-BRE": "Bretagne",
    "FR-C": "Auvergne",
    "FR-COR": "Corse",
    "FR-CVL": "Centre-Val de Loire",
    "FR-D": "Bourgogne",
    "FR-E": "Bretagne",
    "FR-F": "Centre",
    "FR-G": "Champagne-Ardenne",
    "FR-GES": "Grand Est",
    "FR-GF": "Guyane (francaise)",
    "FR-GP": "Guadeloupe",
    "FR-H": "Corse",
    "FR-I": "Franche-Comté",
    "FR-IDF": "Île-de-France",
    "FR-J": "Île-de-France",
    "FR-K": "Languedoc-Roussillon",
    "FR-L": "Limousin",
    "FR-M": "Lorraine",
    "FR-MQ": "Martinique",
    "FR-N": "Midi-Pyrénées",
    "FR-NAQ": "Nouvelle-Aquitaine",
    "FR-NC": "Nouvelle-Calédonie",
    "FR-NOR": "Normandie",
    "FR-O": "Nord-Pas-de-Calais",
    "FR-OCC": "Occitanie",
    "FR-P": "Basse-Normandie",
    "FR-PAC": "Provence-Alpes-Côte d'Azur",
    "FR-PF": "Polynésie française",
    "FR-PM": "Saint-Pierre-et-Miquelon",
    "FR-Q": "Haute-Normandie",
    "FR-R": "Pays de la Loire",
    "FR-RE": "Réunion",
    "FR-S": "Picardie",
    "FR-T": "Poitou-Charentes",
    "FR-TF": "Terres Australes",
    "FR-U": "Provence-Alpes-Côte d'Azur",
    "FR-V": "Rhône-Alpes",
    "FR-WF": "Wallis et Futuna",
    "FR-YT": "Mayotte",
    "GA-1": "Estuaire",
    "GA-2": "Haut-Ogooué",
    "GA-3": "Moyen-Ogooué",
    "GA-4": "Ngounié",
    "GA-5": "Nyanga",
    "GA-6": "Ogooué-Ivindo",
    "GA-7": "Ogooué-Lolo",
    "GA-8": "Ogooué-Maritime",
    "GA-9": "Woleu-Ntem",
    "GB-BAN": "Banbridge",
    "GB-BDF": "Bedford",
    "GB-BFS": "Belfast",
    "GB-BGE": "Bridgend",
    "GB-BIR": "Birmingham",
    "GB-BNH": "Brighton and Hove",
    "GB-BRY": "Bromley",
    "GB-BST": "Bristol, City of",
    "GB-BTH": "Bath and North East Somerset",
    "GB-CAM": "Cambridgeshire",
    "GB-CHA": "Channel Islands",
    "GB-CHE": "Cheshire East",
    "GB-CHW": "Cheshire West and Chester",
    "GB-CON": "Cornwall",
    "GB-COV": "Coventry",
    "GB-CRD": "Cardiff",
    "GB-DEV": "Devon",
    "GB-DGY": "Dumfries and Galloway",
    "GB-DNC": "Doncaster",
    "GB-DND": "Dundee City",
    "GB-DOR": "Dorset",
    "GB-DOV": "Dover",
    "GB-EDH": "Edinburgh",
    "GB-ENG": "England",
    "GB-ESS": "Essex",
    "GB-FAL": "Falkirk",
    "GB-FIF": "Fife",
    "GB-GLG": "Glasgow City",
    "GB-GLS": "Gloucestershire",
    "GB-HAM": "Hampshire",
    "GB-HRE": "Herefordshire",
    "GB-HRT": "Hertfordshire",
    "GB-IOM": "Isle of Man",
    "GB-LCE": "Leicester",
    "GB-LDS": "Leeds",
    "GB-LIV": "Liverpool",
    "GB-LND": "London",
    "GB-LUT": "Luton",
    "GB-MAN": "Manchester",
    "GB-MED": "Medway",
    "GB-NET": "Newcastle upon Tyne",
    "GB-NIR": "Northern Ireland",
    "GB-OXF": "Oxfordshire",
    "GB-PME": "Portsmouth",
    "GB-RCT": "Rhondda Cynon Taf",
    "GB-RDG": "Reading",
    "GB-REN": "Renfrewshire",
    "GB-SAN": "Sandwell",
    "GB-SCT": "Scotland",
    "GB-SFK": "Suffolk",
    "GB-SHF": "Sheffield",
    "GB-SLN": "Slough",
    "GB-SOL": "Solihull",
    "GB-SOS": "Southend-on-Sea",
    "GB-SRY": "Surrey",
    "GB-STH": "Southampton",
    "GB-SUF": "Suffolk",
    "GB-SWD": "Swindon",
    "GB-TBY": "Torbay",
    "GB-WAR": "Warwickshire",
    "GB-WFT": "Waltham Forest",
    "GB-WGN": "Wigan",
    "GB-WIL": "Wiltshire",
    "GB-WLS": "Wales [Cymru]",
    "GB-WLV": "Wolverhampton",
    "GB-WMD": "West Midlands",
    "GB-WRL": "Wirral",
    "GB-WSX": "West Sussex",
    "GB-WYK": "West Yorkshire",
    "GB-NWK": "North West England",
    "GD-GD": "Grenada",
    "GE-01": "Abashis Raioni",
    "GE-02": "Adigenis Raioni",
    "GE-03": "Akhalgoris Raioni",
    "GE-04": "Akhalk'alak'is Raioni",
    "GE-05": "Akhalts'ikhis Raioni",
    "GE-06": "Akhmetis Raioni",
    "GE-07": "Ambrolauris Raioni",
    "GE-08": "Aspindzis Raioni",
    "GE-09": "Baghdat'is Raioni",
    "GE-10": "Bolnisis Raioni",
    "GE-11": "Borjomis Raioni",
    "GE-12": "Ch'khorotsqus Raioni",
    "GE-13": "Ch'okhatauris Raioni",
    "GE-14": "Dedop'listsqaros Raioni",
    "GE-15": "Dmanisis Raioni",
    "GE-16": "Dushet'is Raioni",
    "GE-17": "Galis Raioni",
    "GE-18": "Gardabnis Raioni",
    "GE-19": "Goris Raioni",
    "GE-20": "Gudaut'is Raioni",
    "GE-21": "Gulrip'shis Raioni",
    "GE-22": "Gurjaanis Raioni",
    "GE-23": "Javis Raioni",
    "GE-24": "K'arelis Raioni",
    "GE-25": "Kaspis Raioni",
    "GE-26": "K'edis Raioni",
    "GE-27": "Kharagaulis Raioni",
    "GE-28": "Khashuris Raioni",
    "GE-29": "Khelvach'auris Raioni",
    "GE-30": "Khobis Raioni",
    "GE-31": "Khonis Raioni",
    "GE-32": "Khulos Raioni",
    "GE-33": "K'obuletis Raioni",
    "GE-34": "Lagodekhis Raioni",
    "GE-35": "Lanch'khut'is Raioni",
    "GE-36": "Lentekhis Raioni",
    "GE-37": "Marneulis Raioni",
    "GE-38": "Martvilis Raioni",
    "GE-39": "Mestiis Raioni",
    "GE-40": "Mts'khet'is Raioni",
    "GE-41": "Ninotsmindis Raioni",
    "GE-42": "Och'amch'iris Raioni",
    "GE-43": "Onis Raioni",
    "GE-44": "Ozurget'is Raioni",
    "GE-45": "Qazbegis Raioni",
    "GE-46": "Qvarlis Raioni",
    "GE-47": "Sach'kheris Raioni",
    "GE-48": "Sagarejos Raioni",
    "GE-49": "Samtrediis Raioni",
    "GE-50": "Senakis Raioni",
    "GE-51": "Shuakhevis Raioni",
    "GE-52": "Sighnaghis Raioni",
    "GE-53": "Sokhumis Raioni",
    "GE-54": "T'elavis Raioni",
    "GE-55": "T'erjolis Raioni",
    "GE-56": "T'et'ritsqaros Raioni",
    "GE-57": "T'ianet'is Raioni",
    "GE-58": "Ts'ageris Raioni",
    "GE-59": "Tsalenjikhis Raioni",
    "GE-60": "Tsalkis Raioni",
    "GE-61": "Vanis Raioni",
    "GE-62": "Zestap'onis Raioni",
    "GE-63": "Zugdidis Raioni",
    "GE-AB": "Ap'khazet'is Avtonomiuri Respublika [Abkhazia]",
    "GE-AJ": "Acharis Avtonomiuri Respublika [Ajaria]",
    "GE-BUS": "Bat'umi",
    "GE-CHI": "Chiat'ura",
    "GE-GAG": "Gagra",
    "GE-GOR": "Gori",
    "GE-KUT": "K'ut'aisi",
    "GE-PTI": "P'ot'i",
    "GE-RUS": "Rust'avi",
    "GE-SUI": "Sokhumi",
    "GE-TB": "Tbilisi",
    "GE-TBS": "T'bilisi",
    "GE-TQI": "Tqibuli",
    "GE-TQV": "Tqvarch'eli",
    "GE-TSQ": "Tsqalmbo",
    "GE-ZUG": "Zugdidi",
    "GF-GF": "French Guiana",
    "GH-AA": "Greater Accra",
    "GH-AH": "Ashanti",
    "GH-BA": "Brong-Ahafo",
    "GH-CP": "Central",
    "GH-EP": "Eastern",
    "GH-NP": "Northern",
    "GH-TV": "Volta",
    "GH-UE": "Upper East",
    "GH-UW": "Upper West",
    "GH-WP": "Western",
    "GI-GI": "Gibraltar",
    "GL-GL": "Greenland",
    "GM-B": "Banjul",
    "GM-L": "Lower River",
    "GM-M": "MacCarthy Island",
    "GM-N": "North Bank",
    "GM-U": "Upper River",
    "GM-W": "Western",
    "GN-B": "Bake, Gouvernorat de",
    "GN-C": "Conakry, Gouvernorat de",
    "GN-D": "Kindia, Gouvernorat de",
    "GN-F": "Faranah, Gouvernorat de",
    "GN-K": "Kankan, Gouvernorat de",
    "GN-L": "Labé, Gouvernorat de",
    "GN-M": "Mamou, Gouvernorat de",
    "GN-N": "Nzérékoré, Gouvernorat de",
    "GP-GP": "Guadeloupe",
    "GQ-C": "Región Continental",
    "GQ-I": "Región Insular",
    "GR-I": "Anatoliki Makedonia kai Thraki",
    "GR-II": "Kentriki Makedonia",
    "GR-III": "Dytiki Makedonia",
    "GR-IV": "Ipeiros",
    "GR-IX": "Attiki",
    "GR-V": "Thessalia",
    "GR-VI": "Ionioi Nisoi",
    "GR-VII": "Dytiki Ellada",
    "GR-VIII": "Sterea Ellada",
    "GR-X": "Peloponnisos",
    "GR-XI": "Voreio Aigaio",
    "GR-XII": "Notio Aigaio",
    "GR-XIII": "Kriti",
    "GS-GS": "S.Georgia & S.Sandwich Islands",
    "GT-AV": "Alta Verapaz",
    "GT-BV": "Baja Verapaz",
    "GT-CM": "Chimaltenango",
    "GT-CQ": "Chiquimula",
    "GT-ES": "Escuintla",
    "GT-GU": "Guatemala",
    "GT-HU": "Huehuetenango",
    "GT-IZ": "Izabal",
    "GT-JA": "Jalapa",
    "GT-JU": "Jutiapa",
    "GT-PE": "Petén",
    "GT-PR": "El Progreso",
    "GT-QC": "Quiché",
    "GT-QZ": "Quezaltenango",
    "GT-RE": "Retalhuleu",
    "GT-SA": "Sacatepéquez",
    "GT-SM": "San Marcos",
    "GT-SO": "Sololá",
    "GT-SR": "Santa Rosa",
    "GT-SU": "Suchitepéquez",
    "GT-TO": "Totonicapán",
    "GT-ZA": "Zacapa",
    "GU-GU": "Guam",
    "GW-BA": "Bafatá",
    "GW-BL": "Bolama",
    "GW-BM": "Biombo",
    "GW-BS": "Bissau",
    "GW-CA": "Cacheu",
    "GW-GA": "Gabú",
    "GW-OI": "Oio",
    "GW-QU": "Quinara",
    "GY-BA": "Barima-Waini",
    "GY-CU": "Cuyuni-Mazaruni",
    "GY-DE": "Demerara-Mahaica",
    "GY-EB": "East Berbice-Corentyne",
    "GY-ES": "Essequibo Islands-West Demerara",
    "GY-MA": "Mahaica-Berbice",
    "GY-PM": "Pomeroon-Supenaam",
    "GY-PT": "Potaro-Siparuni",
    "GY-UD": "Upper Demerara-Berbice",
    "GY-UT": "Upper Takutu-Upper Essequibo",
    "HK-HK": "Hong Kong",
    "HM-HM": "Heard & McDonald Islands",
    "HN-AT": "Atlántida",
    "HN-CH": "Choluteca",
    "HN-CL": "Colón",
    "HN-CM": "Comayagua",
    "HN-CP": "Copán",
    "HN-CR": "Cortés",
    "HN-EP": "El Paraíso",
    "HN-FM": "Francisco Morazán",
    "HN-GD": "Gracias a Dios",
    "HN-IB": "Islas de la Bahía",
    "HN-IN": "Intibucá",
    "HN-LE": "Lempira",
    "HN-LP": "La Paz",
    "HN-OC": "Ocotepeque",
    "HN-OL": "Olancho",
    "HN-SB": "Santa Bárbara",
    "HN-VA": "Valle",
    "HN-YO": "Yoro",
    "HR-01": "Zagrebačka županija",
    "HR-02": "Krapinsko-zagorska županija",
    "HR-03": "Sisaško-moslavačka županija",
    "HR-04": "Karlovačka županija",
    "HR-05": "Varaždinska županija",
    "HR-06": "Koprivničkco-križevačka županija",
    "HR-07": "Bjelovarsko-bilogorska županija",
    "HR-08": "Primorsko-goranska županija",
    "HR-09": "Ličko-senjska županija",
    "HR-10": "Virovitičko-podravska županija",
    "HR-11": "Požeško-slavonska županija",
    "HR-12": "Brodsko-posavska županija",
    "HR-13": "Zadarska županija",
    "HR-14": "Osječko-baranjska županija",
    "HR-15": "Šibensko-kninska županija",
    "HR-16": "Vukovarsko-srijemska županija",
    "HR-17": "Splitsko-dalmatinska županija",
    "HR-18": "Istarska županija",
    "HR-19": "Dubrovačko-neretvanska županija",
    "HR-20": "Medjimurska županija",
    "HT-AR": "Artibonite",
    "HT-CE": "Centre",
    "HT-GA": "Grande-Anse",
    "HT-ND": "Nord",
    "HT-NE": "Nord-Est",
    "HT-NO": "Nord-Ouest",
    "HT-OU": "Ouest",
    "HT-SD": "Sud",
    "HT-SE": "Sud-Est",
    "HU-BA": "Baranya",
    "HU-BC": "Békéscsaba",
    "HU-BE": "Békés",
    "HU-BK": "Bács-Kiskun",
    "HU-BU": "Budapest",
    "HU-BZ": "Borsod-Abaúj-Zemplén",
    "HU-CS": "Csongrád",
    "HU-DE": "Debrecen",
    "HU-DU": "Dunaújváros",
    "HU-EG": "Eger",
    "HU-FE": "Fejér",
    "HU-GS": "Gyór-Moson-Sopron",
    "HU-GY": "Gyór",
    "HU-HB": "Hajdú-Bihar",
    "HU-HE": "Heves",
    "HU-HV": "Hódmezóvásárhely",
    "HU-JN": "Jasz-Nagykun-Szolnok",
    "HU-KE": "Komárom-Esztergom",
    "HU-KM": "Kecskemét",
    "HU-KV": "Kaposvár",
    "HU-MI": "Miskolc",
    "HU-NK": "Nagykanizsa",
    "HU-NO": "Nógrád",
    "HU-NY": "Nyíregyháza",
    "HU-PE": "Pest",
    "HU-PS": "Pécs",
    "HU-SD": "Szeged",
    "HU-SF": "Székesfehérvár",
    "HU-SH": "Szombathely",
    "HU-SK": "Szolnok",
    "HU-SN": "Sopron",
    "HU-SO": "Somogy",
    "HU-SS": "Szekszárd",
    "HU-ST": "Salgótarján",
    "HU-SZ": "Szabolcs-Szatmár-Bereg",
    "HU-TB": "Tatabánya",
    "HU-TO": "Tolna",
    "HU-VA": "Vas",
    "HU-VE": "Veszprém",
    "HU-VM": "Veszprém",
    "HU-ZA": "Zala",
    "HU-ZE": "Zalaegerszeg",
    "ID-IJU": "Irian Jaya",
    "ID-JWU": "Jawa",
    "ID-KAU": "Kalimantan",
    "ID-MAU": "Maluku",
    "ID-NUU": "Nusa Tenggara",
    "ID-SLU": "Sulawesi",
    "ID-SMU": "Sumatera",
    "IE-CP": "Connaught (Connacht)",
    "IE-D": "Dublin",
    "IE-DL": "Donegal",
    "IE-KE": "Kildare",
    "IE-LM": "Leitrim",
    "IE-LP": "Leinster (Laighin)",
    "IE-M": "Munster (An Mhumhain)",
    "IE-UP": "Ulster (Ulaidh)",
    "IE-WW": "Wicklow",
    "IL-2": "HaZafon (Esh Shamālī)",
    "IL-D": "HaDarom (El Janūbī)",
    "IL-HA": "Hefa (Heifā)",
    "IL-JM": "Yerushalayim (Al Quds)",
    "IL-M": "HaMerkaz (El Awsat)",
    "IL-TA": "Tel-Aviv (Tell Abīb)",
    "IN-AN": "Andaman and Nicobar Islands",
    "IN-AP": "Andhra Pradesh",
    "IN-AR": "Arunachal Pradesh",
    "IN-AS": "Assam",
    "IN-BR": "Bihar",
    "IN-CH": "Chandigarh",
    "IN-DD": "Daman and Diu",
    "IN-DL": "Delhi",
    "IN-DN": "Dadra and Nagar Haveli",
    "IN-GA": "Goa",
    "IN-GJ": "Gujarat",
    "IN-HP": "Himachal Pradesh",
    "IN-HR": "Haryana",
    "IN-JK": "Jammu and Kashmir",
    "IN-KA": "Karnataka",
    "IN-KL": "Kerala",
    "IN-LD": "Lakshadweep",
    "IN-MH": "Maharashtra",
    "IN-ML": "Meghalaya",
    "IN-MN": "Manipur",
    "IN-MP": "Madhya Pradesh",
    "IN-MZ": "Mizoram",
    "IN-NL": "Nagaland",
    "IN-OR": "Orissa",
    "IN-PB": "Punjab",
    "IN-PY": "Pondicherry",
    "IN-RJ": "Rajasthan",
    "IN-SK": "Sikkim",
    "IN-TN": "Tamil Nadu",
    "IN-TR": "Tripura",
    "IN-UP": "Uttar Pradesh",
    "IN-WB": "West Bengal",
    "IO-IO": "British Indian Ocean Territory",
    "IQ-AN": "Al Anbār",
    "IQ-AR": "Arbīl",
    "IQ-BA": "Al Başrah",
    "IQ-BB": "Bābil",
    "IQ-BG": "Baghdād",
    "IQ-DA": "Dahūk",
    "IQ-DI": "Diyālá",
    "IQ-DQ": "Dhī Qār",
    "IQ-KA": "Karbalā'",
    "IQ-MA": "Maysān",
    "IQ-MU": "Al Muthanná",
    "IQ-NA": "An Najaf",
    "IQ-NI": "Nīnawá",
    "IQ-QA": "Al Qādisīyah",
    "IQ-SD": "Şalāḩ ad Dīn",
    "IQ-SU": "As Sulaymānīyah",
    "IQ-TS": "At Ta'mīm",
    "IQ-WA": "Wāsiţ",
    "IR-01": "Āzarbāyjān-e-Sharqī",
    "IR-02": "Āzarbāyjān-e-Gharbī",
    "IR-03": "Ardabīl",
    "IR-04": "Eşfahān",
    "IR-05": "Īlām",
    "IR-06": "Būshehr",
    "IR-07": "Tehrān",
    "IR-08": "Chahār Maḩāll vā Bakhtīārī",
    "IR-09": "Khorāsān",
    "IR-10": "Khūzestān",
    "IR-11": "Zanjān",
    "IR-12": "Semnān",
    "IR-13": "Sīstān va Balūchestān",
    "IR-14": "Fārs",
    "IR-15": "Kermān",
    "IR-16": "Kordestān",
    "IR-17": "Kermānshāhān",
    "IR-18": "Kohkīlūyeh va Būyer Aḩmadī",
    "IR-19": "Gīlān",
    "IR-20": "Lorestān",
    "IR-21": "Māzandarān",
    "IR-22": "Markazī",
    "IR-23": "Hormozgān",
    "IR-24": "Hamadān",
    "IR-25": "Yazd",
    "IR-26": "Qom",
    "IS-0": "Reykjavīk",
    "IS-1": "Höfudborgarsvædi utan Reykjavíkur",
    "IS-2": "Sudurnes",
    "IS-3": "Vesturland",
    "IS-4": "Vestfirdir",
    "IS-5": "Nordurland vestra",
    "IS-6": "Nordurland eystra",
    "IS-7": "Austurland",
    "IS-8": "Sudurland",
    "IT-21": "Piemonte",
    "IT-23": "Valle d'Aosta (Vallée d'Aoste)",
    "IT-25": "Lombardia",
    "IT-32": "Trentino-Alte Adige (Trentino-Südtirol)",
    "IT-34": "Veneto",
    "IT-36": "Friuli-Venezia Giulia",
    "IT-42": "Liguria",
    "IT-45": "Emilia-Romagna",
    "IT-52": "Toscana",
    "IT-55": "Umbria",
    "IT-57": "Marche",
    "IT-62": "Lazio",
    "IT-65": "Abruzzo",
    "IT-67": "Molise",
    "IT-72": "Campania",
    "IT-75": "Puglia",
    "IT-77": "Basilicata",
    "IT-78": "Calabria",
    "IT-82": "Sicilia",
    "IT-88": "Sardegna",
    "IT-GE": "Genoa",
    "IT-NA": "Naples",
    "IT-RE": "Reggio Emilia",
    "IT-RM": "Rome",
    "IT-VE": "Venice",
    "JM-01": "Kingston",
    "JM-02": "Saint Andrew",
    "JM-03": "Saint Thomas",
    "JM-04": "Portland",
    "JM-05": "Saint Mary",
    "JM-06": "Saint Ann",
    "JM-07": "Trelawny",
    "JM-08": "Saint James",
    "JM-09": "Hanover",
    "JM-10": "Westmoreland",
    "JM-11": "Saint Elizabeth",
    "JM-12": "Manchester",
    "JM-13": "Clarendon",
    "JM-14": "Saint Catherine",
    "JO-AJ": "‘Ajlūn",
    "JO-AM": "‘Ammān",
    "JO-AQ": "Al 'Aqaba",
    "JO-AT": "Aţ Ţafīlah",
    "JO-AZ": "Az Zarqā'",
    "JO-BA": "Al Balqā'",
    "JO-IR": "Irbid",
    "JO-JA": "Jarash",
    "JO-KA": "Al Karak",
    "JO-MA": "Al Mafraq",
    "JO-MD": "Mādaba",
    "JO-MN": "Ma‘ān",
    "JP-01": "Hokkaidô [Hokkaido]",
    "JP-02": "Aomori",
    "JP-03": "Iwate",
    "JP-04": "Miyagi",
    "JP-05": "Akita",
    "JP-06": "Yamagata",
    "JP-07": "Hukusima [Fukushima]",
    "JP-08": "Ibaraki",
    "JP-09": "Totigi [Tochigi]",
    "JP-10": "Gunma",
    "JP-11": "Saitama",
    "JP-12": "Tiba [Chiba]",
    "JP-13": "Tôkyô [Tokyo]",
    "JP-14": "Kanagawa",
    "JP-15": "Niigata",
    "JP-16": "Toyama",
    "JP-17": "Isikawa [Ishikawa]",
    "JP-18": "Hukui [Fukui]",
    "JP-19": "Yamanasi [Yamanashi]",
    "JP-20": "Nagano",
    "JP-21": "Gihu [Gifu]",
    "JP-22": "Sizuoka [Shizuoka]",
    "JP-23": "Aiti [Aichi]",
    "JP-24": "Mie",
    "JP-25": "Siga [Shiga]",
    "JP-26": "Kyôto [Kyoto]",
    "JP-27": "Ôsaka [Osaka]",
    "JP-28": "Hyôgo [Hyogo]",
    "JP-29": "Nara",
    "JP-30": "Wakayama",
    "JP-31": "Tottori",
    "JP-33": "Okayama",
    "JP-34": "Hirosima [Hiroshima]",
    "JP-35": "Yamaguti [Yamaguchi]",
    "JP-36": "Tokusima [Tokushima]",
    "JP-37": "Kagawa",
    "JP-38": "Ehime",
    "JP-39": "Kôti [Kochi]",
    "JP-40": "Hukuoka [Fukuoka]",
    "JP-41": "Saga",
    "JP-42": "Nagasaki",
    "JP-43": "Kumamoto",
    "JP-44": "Ôita [Oita]",
    "JP-45": "Miyazaki",
    "JP-46": "Kagosima [Kagoshima]",
    "JP-47": "Okinawa",
    "KE-110": "Nairobi Municipality",
    "KE-200": "Central (Kati)",
    "KE-300": "Coast (Pwani)",
    "KE-400": "Eastern (Mashariki)",
    "KE-500": "North-Eastern (Kaskazini Mashariki)",
    "KE-600": "Nyanza",
    "KE-700": "Rift Valley",
    "KE-900": "Western (Magharibi)",
    "KG-C": "Chu (Chuyskaya oblast')",
    "KG-J": "Jalal-Abad (Dzhalal-Abadskaya oblast')",
    "KG-N": "Naryn (Narynskaya Oblast’)",
    "KG-O": "Osh (Oshskaya oblast')",
    "KG-T": "Talas (Talasskaya oblast')",
    "KG-Y": "Ysyk-Köl (Issyk-Kul'skaya oblast')",
    "KH-1": "Banteay Mean Chey [Bântéay Méanchey]",
    "KH-10": "Kracheh [Krâchéh]",
    "KH-11": "Mond01 Kiri [Môndól Kiri]",
    "KH-12": "Phnom Penh [Phnum Pénh]",
    "KH-13": "Preah Vihear [Preăh Vihéar]",
    "KH-14": "Prey Veaeng [Prey Vêng]",
    "KH-15": "Pousaat [Poŭthĭsăt]",
    "KH-16": "Rotanak Kiri [Rôtânôkiri]",
    "KH-17": "Siem Reab [Siĕmréab]",
    "KH-18": "Krong Preah Sihanouk [Krŏng Preăh Sihanouk]",
    "KH-19": "Stueng Traeng [Stœng Trêng]",
    "KH-2": "Baat Dambang [Bătdâmbâng]",
    "KH-20": "Svaay Rieng [Svay Riĕng]",
    "KH-21": "Taakaev [Takêv]",
    "KH-22": "Otdar Mean Chey [Ŏtdâr Méanchey]",
    "KH-23": "Krong Kaeb [Krŏng Kêb]",
    "KH-3": "Kampong Chaam [Kâmpóng Cham]",
    "KH-4": "Kampong Chhnang [Kâmpóng Chhnăng]",
    "KH-5": "Kampong Spueu [Kâmpóng Spœ]",
    "KH-6": "Kampong Thum [Kâmpóng Thum]",
    "KH-7": "Kampot [Kâmpôt]",
    "KH-8": "Kandaal [Kândal]",
    "KI-G": "Gilbert Islands",
    "KI-L": "Line Islands",
    "KI-P": "Phoenix Islands",
    "KM-A": "Anjouan (Ndzouani)",
    "KM-G": "Grande Comore (Ngazidja)",
    "KM-M": "Mohéli (Moili)",
    "KN-KN": "Saint Kitts & Nevis",
    "KP-CHA": "Chagang-do",
    "KP-HAB": "Hamgyongbuk-do",
    "KP-HAN": "Hamgyongnam-do",
    "KP-HWB": "Hwanghaebuk-do",
    "KP-HWN": "Hwanghaenam-do",
    "KP-KAE": "Kaesong-si",
    "KP-KAN": "Kangwon-do",
    "KP-NAM": "Nampo-si",
    "KP-PYB": "Pyonganbuk-do",
    "KP-PYN": "Pyongannam-do",
    "KP-PYO": "Pyongyang-si",
    "KP-YAN": "Yanggang-do",
    "KR-11": "Seoul Teugbyeolsi [Seoul-T’ŭkpyŏlshi]",
    "KR-26": "Busan Gwang'yeogsi [Pusan-Kwangyŏkshi]",
    "KR-27": "Daegu Gwang'yeogsi [Taegu-Kwangyŏkshi)",
    "KR-28": "Incheon Gwang'yeogsi [Inchŏn-Kwangyŏkshi]",
    "KR-29": "Gwangju Gwang'yeogsi [Kwangju-Kwangyŏkshi]",
    "KR-30": "Daejeon Gwang'yeogsi [Taejŏn-Kwangyŏkshi]",
    "KR-31": "Ulsan Gwang'yeogsi [Ulsan-Kwangyŏkshi]",
    "KR-41": "Gyeonggido [Kyŏnggi-do]",
    "KR-42": "Gang'weondo [Kang-won-do]",
    "KR-43": "Chungcheongbugdo [Ch'ungch'ŏngbuk-do]",
    "KR-44": "Chungcheongnamdo [Ch'ungch'ŏngnam-do]",
    "KR-45": "Jeonrabugdo [Chŏllabuk-do)",
    "KR-46": "Jeonranamdo [Chŏllanam-do]",
    "KR-47": "Gyeongsangbugdo [Kyŏngsangbuk-do]",
    "KR-48": "Gyeongsangnamdo [Kyŏngsangnam-do]",
    "KR-49": "Jejudo [Cheju-do]",
    "KW-AH": "Al Aḩmadi",
    "KW-FA": "Al Farwānīyah",
    "KW-HA": "Ḩawallī",
    "KW-JA": "Al Jahrah",
    "KW-KU": "Al Kuwayt",
    "KY-KY": "Cayman Islands",
    "KZ-AKM": "Aqmola oblysy (Akmolinskaya oblast')",
    "KZ-AKT": "Aqtöbe oblysy (Aktyubinskaya oblast')",
    "KZ-ALA": "Almaty",
    "KZ-ALM": "Almaty oblysy (Almatinskaya oblast')",
    "KZ-ATY": "Atyraü oblysy (Atyrauskaya oblast')",
    "KZ-BAY": "Bayqonyr (Baykonyr)",
    "KZ-KAR": "Qaraghandy oblysy (Karagandinskaya oblast')",
    "KZ-KUS": "Qostanay oblysy (Kustanayskaya oblast')",
    "KZ-KZY": "Qyzylorda oblysy (Kzylordinskaya oblast')",
    "KZ-MAN": "Mangghystaū oblysy (Mangystauskaya oblast')",
    "KZ-PAV": "Pavlodar oblysy (Pavlodarskaya oblast')",
    "KZ-SEV": "Soltüstik Kazakstan oblysy (Severo-Kazakhstanskaya oblast')",
    "KZ-VOS": "Shyghys Kazakstan oblysy (Vostochno-Kazakhstanskaya oblast')",
    "KZ-YUZ": "Ongtüstik Kazakstan oblysy (Yuzhno-Kazakhstanskaya oblast')",
    "KZ-ZAP": "Batys Kazakstan oblysy (Zapadno-Kazakhstanskaya oblast')",
    "KZ-ZHA": "Zhambyl oblysy (Zhambylskaya Oblast')",
    "LA-AT": "Attapu [Attopeu]",
    "LA-BK": "Bokèo",
    "LA-BL": "Bolikhamxai [Borikhane]",
    "LA-CH": "Champasak [Champassak]",
    "LA-HO": "Houaphan",
    "LA-KH": "Khammouan",
    "LA-LM": "Louang Namtha",
    "LA-LP": "Louangphabang [Louang Prabang]",
    "LA-OU": "Oudômxai [Oudomsai]",
    "LA-PH": "Phôngsali [Phong Saly]",
    "LA-SL": "Salavan [Saravane]",
    "LA-SV": "Savannakhét",
    "LA-VI": "Vientiane",
    "LA-VT": "Vientiane",
    "LA-XA": "Xaignabouli [Sayaboury]",
    "LA-XE": "Xékong [Sékong]",
    "LA-XI": "Xiangkhoang [Xieng Khouang]",
    "LB-AS": "Loubnâne ech Chemâli (Ash Shamāl)",
    "LB-BA": "Beiroût (Bayrūt)",
    "LB-BI": "El Béqaa (Al Biqā')",
    "LB-JA": "Loubnâne ej Jnoûbi (Al Janūb)",
    "LB-JL": "Jabal Loubnâne (Jabal Lubnān)",
    "LB-NA": "Nabatîyé (An Nabaţīyah",
    "LC-LC": "Saint Lucia",
    "LI-LI": "Liechtenstein",
    "LK-1": "Basnahira Palata (Western Province)",
    "LK-2": "Madhyama Palata (Central Province)",
    "LK-3": "Dakunu Palata (Southern Province)",
    "LK-4": "Uturu Palata (Northern Province)",
    "LK-5": "Negenahira Palata (Eastern Province)",
    "LK-6": "Wayamba Palata (North Western Province)",
    "LK-7": "Uturumeda Palata (North Central Province)",
    "LK-8": "Uva Palata",
    "LK-9": "Sabaragamuwa Palata",
    "LR-BG": "Bong",
    "LR-BM": "Bomi",
    "LR-CM": "Grand Cape Mount",
    "LR-GB": "Grand Bassa",
    "LR-GG": "Grand Gedeh",
    "LR-GK": "Grand Kru",
    "LR-LO": "Lofa",
    "LR-MG": "Margibi",
    "LR-MO": "Montserrado",
    "LR-MY": "Maryland",
    "LR-NI": "Nimba",
    "LR-RI": "Rivercess",
    "LR-SI": "Sinoe",
    "LS-A": "Maseru",
    "LS-B": "Butha-Buthe",
    "LS-C": "Leribe",
    "LS-D": "Berea",
    "LS-E": "Mafeteng",
    "LS-F": "Mohale's Hoek",
    "LS-G": "Quthing",
    "LS-H": "Qacha's Nek",
    "LS-J": "Mokhotlong",
    "LS-K": "Thaba-Tseka",
    "LT-AL": "Alytaus Apskritis",
    "LT-KL": "Klaipėdos Apskritis",
    "LT-KU": "Kauno Apskritis",
    "LT-MR": "Marijampolės Apskritis",
    "LT-PN": "Panevėžio Apskritis",
    "LT-SA": "Šiauliu Apskritis",
    "LT-TA": "Tauragės Apskritis",
    "LT-TE": "Telšiu Apskritis",
    "LT-UT": "Utenos Apskritis",
    "LT-VL": "Vilniaus Apskritis",
    "LU-D": "Diekirch",
    "LU-G": "Grevenmacher",
    "LU-L": "Luxembourg (Luxemburg)",
    "LV-AI": "Aizkraukles Aprinkis",
    "LV-AL": "Alūksnes Aprinkis",
    "LV-BL": "Balvu Aprinkis",
    "LV-BU": "Bauskas Aprinkis",
    "LV-CE": "Cēsu Aprinkis",
    "LV-DA": "Daugavpils Aprinkis",
    "LV-DGV": "Daugavpils",
    "LV-DO": "Dobeles Aprinkis",
    "LV-GU": "Gulbenes Aprinkis",
    "LV-JEL": "Jelgava",
    "LV-JK": "Jēkabpils Aprinkis",
    "LV-JL": "Jelgavas Aprinkis",
    "LV-JUR": "Jūrmala",
    "LV-KR": "Krāslavas Aprinkis",
    "LV-KU": "Kuldīgas Aprinkis",
    "LV-LE": "Liepājas Aprinkis",
    "LV-LM": "Limbažu Aprinkis",
    "LV-LPX": "Liepāja",
    "LV-LU": "Ludzas Aprinkis",
    "LV-MA": "Madonas Aprinkis",
    "LV-OG": "Ogres Aprinkis",
    "LV-PR": "Preilu Aprinkis",
    "LV-RE": "Rēzeknes Aprinkis",
    "LV-REZ": "Rēzekne",
    "LV-RI": "Rīgas Aprinkis",
    "LV-RIX": "Rīga",
    "LV-SA": "Saldus Aprinkis",
    "LV-TA": "Talsu Aprinkis",
    "LV-TU": "Tukuma Aprinkis",
    "LV-VE": "Ventspils Aprinkis",
    "LV-VEN": "Ventspils",
    "LV-VK": "Valkas Aprinkis",
    "LV-VM": "Valmieras Aprinkis",
    "LY-BA": "Banghāzī",
    "LY-BU": "Al Buţnān",
    "LY-FA": "Fazzān",
    "LY-JA": "Al Jabal al Akhḑar",
    "LY-JG": "Al Jabal al Gharbī",
    "LY-Ju": "Al Jufrah",
    "LY-MI": "Mişrātah",
    "LY-NA": "Naggaza",
    "LY-SF": "Sawfajjin",
    "LY-TB": "Ţarābulus",
    "LY-WA": "Al Wāḩah",
    "LY-Wu": "Al Wusţá",
    "LY-ZA": "Az Zāwiyah",
    "MA-06": "Casablanca-Settat",
    "MA-CAS": "Casablanca-Settat",
    "MA-CE": "Centre",
    "MA-CN": "Centre-Nord",
    "MA-CS": "Centre-Sud",
    "MA-ES": "Est",
    "MA-NO": "Nord-Ouest",
    "MA-SU": "Sud",
    "MA-TS": "Tensift",
    "MC-MC": "Monaco",
    "MD-ANE": "Anenii Noi",
    "MD-BAL": "Bălţi",
    "MD-BAS": "Basarabeasca",
    "MD-BRI": "Brinceni",
    "MD-CAH": "Cahul",
    "MD-CAI": "Căinari",
    "MD-CAL": "Călăraşi",
    "MD-CAM": "Camenca",
    "MD-CAN": "Cantemir",
    "MD-CAS": "Căuşeni",
    "MD-CHI": "Chişinău",
    "MD-CHL": "Cahul",
    "MD-CIA": "Ciadîr-Lunga",
    "MD-CIM": "Cimişlia",
    "MD-COM": "Comrat",
    "MD-CRI": "Criuleni",
    "MD-DBI": "Dubăsari",
    "MD-DON": "Donduşeni",
    "MD-DRO": "Drochia",
    "MD-DUB": "Dubăsari",
    "MD-EDI": "Edineţ",
    "MD-FAL": "Făleşti",
    "MD-FLO": "Floreşti",
    "MD-GLO": "Glodeni",
    "MD-GRI": "Grigoriopol",
    "MD-HIN": "Hînceşti",
    "MD-IAL": "Ialoveni",
    "MD-LEO": "Leova",
    "MD-NIS": "Nisporeni",
    "MD-OCN": "Ocniţa",
    "MD-OHI": "Orhei",
    "MD-ORH": "Orhei",
    "MD-REZ": "Rezina",
    "MD-RIB": "Rîbniţa",
    "MD-RIS": "Rîşcani",
    "MD-RIT": "Rîbniţa",
    "MD-SIN": "Sîngerei",
    "MD-SLO": "Slobozia",
    "MD-SOA": "Soroca",
    "MD-SOC": "Soroca",
    "MD-SOL": "Şoldăneşti",
    "MD-STE": "Ştefan Vodă",
    "MD-STR": "Străşeni",
    "MD-TAR": "Taraclia",
    "MD-TEL": "Teleneşti",
    "MD-TIG": "Tighina",
    "MD-TIR": "Tiraspol",
    "MD-UGI": "Ungheni",
    "MD-UNG": "Ungheni",
    "MD-VUL": "Vulcăneşti",
    "MG-A": "Toamasina",
    "MG-D": "Antsiranana",
    "MG-F": "Fianarantsoa",
    "MG-M": "Mahajanga",
    "MG-T": "Antananarivo",
    "MG-U": "Toliara",
    "MH-L": "Ralik chain",
    "MH-T": "Ratak chain",
    "MK-MK": "Macedonia",
    "ML-1": "Kayes",
    "ML-2": "Koulikoro",
    "ML-3": "Sikasso",
    "ML-4": "Ségou",
    "ML-5": "Mopti",
    "ML-6": "Tombouctou",
    "ML-7": "Gao",
    "ML-8": "Kidal",
    "ML-BKO": "Bamako",
    "MM-01": "Sagaing",
    "MM-02": "Bago",
    "MM-03": "Magway",
    "MM-04": "Mandalay",
    "MM-05": "Tanintharyi",
    "MM-06": "Yangon",
    "MM-07": "Ayeyarwady",
    "MM-11": "Kachin",
    "MM-12": "Kayah",
    "MM-13": "Kayin",
    "MM-14": "Chin",
    "MM-15": "Mon",
    "MM-16": "Rakhine",
    "MM-17": "Shan",
    "MN-035": "Orhon",
    "MN-037": "Darhan uul",
    "MN-039": "Hentiy",
    "MN-041": "Hövsgöl",
    "MN-043": "Hovd",
    "MN-046": "Uvs",
    "MN-047": "Töv",
    "MN-049": "Selenge",
    "MN-051": "Sühbaatar",
    "MN-053": "Ömnögovĭ",
    "MN-055": "Övörhangay",
    "MN-057": "Dzavhan",
    "MN-059": "Dundgovĭ",
    "MN-061": "Dornod",
    "MN-063": "Dornogovĭ",
    "MN-064": "Govĭ-Sümber",
    "MN-065": "Govĭ-Altay",
    "MN-067": "Bulgan",
    "MN-069": "Bayanhongor",
    "MN-071": "Bayan-Ölgiy",
    "MN-073": "Arhangay",
    "MN-1": "Ulaanbaatar",
    "MO-MO": "Macau",
    "MP-MP": "Northern Mariana Islands",
    "MQ-MQ": "Martinique",
    "MR-01": "Hodh ech Chargui",
    "MR-02": "Hodh el Gharbi",
    "MR-03": "Assaba",
    "MR-04": "Gorgol",
    "MR-05": "Brakna",
    "MR-06": "Trarza",
    "MR-07": "Adrar",
    "MR-08": "Dakhlet Nouādhibou",
    "MR-09": "Tagant",
    "MR-10": "Guidimaka",
    "MR-11": "Tiris Zemmour",
    "MR-12": "Inchiri",
    "MR-NKC": "Nouakchott",
    "MS-MS": "Montserrat",
    "MT-MT": "Malta",
    "MU-AG": "Agalega Islands",
    "MU-BL": "Black River",
    "MU-BR": "Beau Bassin-Rose Hill",
    "MU-CC": "Cargados Carajos Shoals [Saint Brandon Islands]",
    "MU-CU": "Curepipe",
    "MU-FL": "Flacq",
    "MU-GP": "Grand Port",
    "MU-MO": "Moka",
    "MU-PA": "Pamplemousses",
    "MU-PL": "Port Louis",
    "MU-PW": "Plaines Wilhems",
    "MU-QB": "Quatre Bornes",
    "MU-RO": "Rodrigues Island",
    "MU-RR": "Rivière du Rempart",
    "MU-SA": "Savanne",
    "MU-VP": "Vacoas-Phoenix",
    "MV-01": "Seenu",
    "MV-02": "Alif",
    "MV-03": "Lhaviyani",
    "MV-04": "Vaavu",
    "MV-05": "Laamu",
    "MV-07": "Haa Alif",
    "MV-08": "Thaa",
    "MV-12": "Meemu",
    "MV-13": "Raa",
    "MV-14": "Faafu",
    "MV-17": "Dhaalu",
    "MV-20": "Baa",
    "MV-23": "Haa Dhaalu",
    "MV-24": "Shaviyani",
    "MV-25": "Noonu",
    "MV-26": "Kaafu",
    "MV-27": "Gaaf Alif",
    "MV-28": "Gaafu Dhaalu",
    "MV-29": "Gnaviyani",
    "MV-MLE": "Male",
    "MW-C": "Central",
    "MW-N": "Northern",
    "MW-S": "Southern",
    "MX-AGU": "Aguascalientes",
    "MX-BCN": "Baja California",
    "MX-BCS": "Baja California Sur",
    "MX-CAM": "Campeche",
    "MX-CHH": "Chihuahua",
    "MX-CHP": "Chiapas",
    "MX-CMX": "Ciudad de México (Mexico City)",
    "MX-COA": "Coahuila",
    "MX-COL": "Colima",
    "MX-DIF": "Distrito Federal",
    "MX-DUR": "Durango",
    "MX-GRO": "Guerrero",
    "MX-GUA": "Guanajuato",
    "MX-HID": "Hidalgo",
    "MX-JAL": "Jalisco",
    "MX-MEX": "México",
    "MX-MIC": "Michoacán",
    "MX-MOR": "Morelos",
    "MX-NAY": "Nayarit",
    "MX-NLE": "Nuevo León",
    "MX-OAX": "Oaxaca",
    "MX-PUE": "Puebla",
    "MX-QUE": "Queretaro",
    "MX-ROO": "Quintana Roo",
    "MX-SIN": "Sinaloa",
    "MX-SLP": "San Luis Potosí",
    "MX-SON": "Sonora",
    "MX-TAB": "Tabasco",
    "MX-TAM": "Tamaulipas",
    "MX-TLA": "Tlaxcala",
    "MX-VER": "Veracruz",
    "MX-YUC": "Yucatán",
    "MX-ZAC": "Zacatecas",
    "MY-A": "Perak",
    "MY-B": "Selangor",
    "MY-C": "Pahang",
    "MY-D": "Kelantan",
    "MY-J": "Johor",
    "MY-K": "Kedah",
    "MY-L": "Wilayah Persekutuan Labuan",
    "MY-M": "Melaka",
    "MY-N": "Negeri Sembilan",
    "MY-P": "Pulau Pinang",
    "MY-R": "Perlis",
    "MY-SA": "Sabah",
    "MY-SK": "Sarawak",
    "MY-T": "Terengganu",
    "MY-W": "Wilayah Persekutuan Kuala Lumpur",
    "MZ-A": "Niassa",
    "MZ-B": "Manica",
    "MZ-G": "Gaza",
    "MZ-I": "Inhambane",
    "MZ-L": "Maputo",
    "MZ-MPM": "Maputo",
    "MZ-N": "Nampula",
    "MZ-P": "Cabo Delgado",
    "MZ-Q": "Zambézia",
    "MZ-S": "Sofala",
    "MZ-T": "Tete",
    "NA-CA": "Caprivi",
    "NA-ER": "Erongo",
    "NA-HA": "Hardap",
    "NA-KA": "Karas",
    "NA-KH": "Khomas",
    "NA-KU": "Kunene",
    "NA-OD": "Otjozondjupa",
    "NA-OH": "Omaheke",
    "NA-OK": "Okavango",
    "NA-ON": "Oshana",
    "NA-OS": "Omusati",
    "NA-OT": "Oshikoto",
    "NA-OW": "Ohangwena",
    "NC-NC": "New Caledonia",
    "NE-1": "Agadez",
    "NE-2": "Diffa",
    "NE-3": "Dosso",
    "NE-4": "Maradi",
    "NE-5": "Tahoua",
    "NE-6": "Tillaberi",
    "NE-7": "Zinder",
    "NE-8": "Niamey",
    "NF-NF": "Norfolk Island",
    "NG-AB": "Abia",
    "NG-AD": "Adamawa",
    "NG-AK": "Akwa Ibom",
    "NG-AN": "Anambra",
    "NG-BA": "Bauchi",
    "NG-BE": "Benue",
    "NG-BO": "Borno",
    "NG-CR": "Cross River",
    "NG-DE": "Delta",
    "NG-ED": "Edo",
    "NG-EN": "Enugu",
    "NG-FC": "Abuja Capital Territory",
    "NG-IM": "Imo",
    "NG-JI": "Jigawa",
    "NG-KD": "Kaduna",
    "NG-KE": "Kebbi",
    "NG-KN": "Kano",
    "NG-KO": "Kogi",
    "NG-KT": "Katsina",
    "NG-KW": "Kwara",
    "NG-LA": "Lagos",
    "NG-NI": "Niger",
    "NG-OG": "Ogun",
    "NG-ON": "Ondo",
    "NG-OS": "Osun",
    "NG-OY": "Oyo",
    "NG-PL": "Plateau",
    "NG-RI": "Rivers",
    "NG-SO": "Sokoto",
    "NG-TA": "Taraba",
    "NG-YO": "Yobe",
    "NI-BO": "Boaco",
    "NI-CA": "Carazo",
    "NI-CI": "Chinandega",
    "NI-CO": "Chontales",
    "NI-ES": "Estelí",
    "NI-GR": "Granada",
    "NI-JI": "Jinotega",
    "NI-LE": "León",
    "NI-MD": "Madriz",
    "NI-MN": "Manaqua",
    "NI-MS": "Masaya",
    "NI-MT": "Matagalpa",
    "NI-NS": "Nueva Segovia",
    "NI-RI": "Rivas",
    "NI-SJ": "Río San Juan",
    "NI-ZE": "Zelaya",
    "NL-DR": "Drenthe",
    "NL-FL": "Flevoland",
    "NL-FR": "Friesland",
    "NL-GE": "Gelderland",
    "NL-GR": "Groningen",
    "NL-LI": "Limburg",
    "NL-NB": "Noord-Brabant",
    "NL-NH": "Noord-Holland",
    "NL-OV": "Overijssel",
    "NL-UT": "Utrecht",
    "NL-ZE": "Zeeland",
    "NL-ZH": "Zuid-Holland",
    "NO-01": "Østfold",
    "NO-02": "Akershus",
    "NO-03": "Oslo",
    "NO-04": "Hedmark",
    "NO-05": "Oppland",
    "NO-06": "Buskerud",
    "NO-07": "Vestfold",
    "NO-08": "Telemark",
    "NO-09": "Aust-Agder",
    "NO-10": "Vest-Agder",
    "NO-11": "Rogaland",
    "NO-12": "Hordaland",
    "NO-14": "Sogn og Fjordane",
    "NO-15": "Møre og Romsdal",
    "NO-16": "Sør-Trøndelag",
    "NO-17": "Nord-Trøndelag",
    "NO-18": "Nordland",
    "NO-19": "Troms",
    "NO-20": "Finnmark",
    "NO-21": "Svalbard (Arctic Region)",
    "NO-22": "Jan Mayen (Arctic Region)",
    "NO-38": "Vestfold og Telemark",
    "NO-46": "Vestland",
    "NO-54": "Troms og Finnmark",
    "NP-1": "Madhyamanchal",
    "NP-2": "Madhya Pashchimanchal",
    "NP-3": "Pashchimanchal",
    "NP-4": "Purwanchal",
    "NP-5": "Sudur Pashchimanchal",
    "NR-NR": "Nauru",
    "NU-NU": "Niue",
    "NZ-AUK": "Auckland",
    "NZ-CAN": "Canterbury",
    "NZ-HKB": "Hawke's Bay",
    "NZ-N": "North Island",
    "NZ-NTL": "Northland",
    "NZ-OTA": "Otago",
    "NZ-S": "South Island",
    "NZ-WGN": "Wellington",
    "OM-BA": "Al Bāţinah",
    "OM-DA": "Ad Dākhilīyah",
    "OM-JA": "Al Janūbīyah [Zufār]",
    "OM-MA": "Masqaţ",
    "OM-MU": "Musandam",
    "OM-SH": "Ash Sharqīyah",
    "OM-WU": "Al Wusţā",
    "OM-ZA": "Az Zāhirah",
    "PA-0": "Comarca de San Blas",
    "PA-1": "Botas del Toro",
    "PA-2": "Coclé",
    "PA-3": "Colón",
    "PA-4": "Chiriquī",
    "PA-5": "Darién",
    "PA-6": "Herrera",
    "PA-7": "Los Santos",
    "PA-8": "Panamá",
    "PA-9": "Veraguas",
    "PE-AMA": "Amazonas",
    "PE-ANC": "Ancash",
    "PE-APU": "Apurímac",
    "PE-ARE": "Arequipa",
    "PE-AYA": "Ayacucho",
    "PE-CAJ": "Cajamarca",
    "PE-CAL": "El Callao",
    "PE-CUS": "Cuzco [Cusco]",
    "PE-HUC": "Huánuco",
    "PE-HUV": "Huancavelica",
    "PE-ICA": "Ica",
    "PE-JUN": "Junín",
    "PE-LAL": "La Libertad",
    "PE-LAM": "Lambayeque",
    "PE-LIM": "Lima",
    "PE-LOR": "Loreto",
    "PE-MDD": "Madre de Dios",
    "PE-MOQ": "Moquegua",
    "PE-PAS": "Pasco",
    "PE-PIU": "Piura",
    "PE-PUN": "Puno",
    "PE-SAM": "San Martín",
    "PE-TAC": "Tacna",
    "PE-TUM": "Tumbes",
    "PE-UCA": "Ucayali",
    "PF-PF": "French Polynesia",
    "PG-CPK": "Chimbu",
    "PG-CPM": "Central",
    "PG-EBR": "East New Britain",
    "PG-EHG": "Eastern Highlands",
    "PG-EPW": "Enga",
    "PG-ESW": "East Sepik",
    "PG-GPK": "Gulf",
    "PG-MBA": "Milne Bay",
    "PG-MPL": "Morobe",
    "PG-MPM": "Madang",
    "PG-MRL": "Manus",
    "PG-NCD": "National Capital District (Port Moresby)",
    "PG-NIK": "New Ireland",
    "PG-NPP": "Northern",
    "PG-NSA": "North Solomons",
    "PG-SAN": "Sandaun [West Sepik]",
    "PG-SHM": "Southern Highlands",
    "PG-WBK": "West New Britain",
    "PG-WHM": "Western Highlands",
    "PG-WPD": "Western",
    "PH-PH": "Philippines",
    "PK-BA": "Baluchistan (Balochistān)",
    "PK-IS": "Islamabad",
    "PK-JK": "Azad Kashmir",
    "PK-NA": "Northern Areas",
    "PK-NW": "North-West Frontier",
    "PK-PB": "Punjab",
    "PK-SD": "Sind (Sindh)",
    "PK-TA": "Federally Administered Tribal Areas",
    "PL-22": "Pomorskie",
    "PL-BB": "Bielsko",
    "PL-BK": "Białystok",
    "PL-BP": "Biała Podlaska",
    "PL-BY": "Bydgoszcz",
    "PL-CH": "Chełm",
    "PL-CI": "Ciechanów",
    "PL-CZ": "Czestochowa",
    "PL-EL": "Elblag",
    "PL-GD": "Gdańsk",
    "PL-GO": "Gorzów",
    "PL-JG": "Jelenia Gera",
    "PL-KA": "Katowice",
    "PL-KI": "Kielce",
    "PL-KL": "Kalisz",
    "PL-KN": "Konin",
    "PL-KO": "Koszalin",
    "PL-KR": "Kraków",
    "PL-KS": "Krosno",
    "PL-LD": "Łódź",
    "PL-LE": "Leszno",
    "PL-LG": "Legnica",
    "PL-LO": "Łomia",
    "PL-LU": "Lublin",
    "PL-NS": "Nowy Sacz",
    "PL-OL": "Olsztyn",
    "PL-OP": "Opole",
    "PL-OS": "Ostrołeka",
    "PL-PI": "Piła",
    "PL-PL": "Płock",
    "PL-PO": "Poznań",
    "PL-PR": "Przemyśl",
    "PL-PT": "Piotrków",
    "PL-RA": "Radom",
    "PL-RZ": "Rzeszów",
    "PL-SE": "Siedlce",
    "PL-SI": "Sieradz",
    "PL-SK": "Skierniewice",
    "PL-SL": "Słupsk",
    "PL-SU": "Suwałki",
    "PL-SZ": "Szczecin",
    "PL-TA": "Tarnów",
    "PL-TG": "Tarnobrzeg",
    "PL-TO": "Toruń",
    "PL-WA": "Warszawa",
    "PL-WB": "Wałbrzych",
    "PL-WL": "Włocławek",
    "PL-WR": "Wrocław",
    "PL-ZA": "Zamość",
    "PL-ZG": "Zielona Góra",
    "PM-PM": "St. Pierre & Miquelon",
    "PN-PN": "Pitcairn",
    "PR-HU": "Humacao",
    "PR-PR": "Puerto Rico",
    "PT-01": "Aveiro",
    "PT-02": "Beja",
    "PT-03": "Braga",
    "PT-04": "Bragança",
    "PT-05": "Castelo Branco",
    "PT-06": "Coimbra",
    "PT-07": "Évora",
    "PT-08": "Faro",
    "PT-09": "Guarda",
    "PT-10": "Leiria",
    "PT-11": "Lisboa",
    "PT-12": "Portalegre",
    "PT-13": "Porto",
    "PT-14": "Santarém",
    "PT-15": "Setúbal",
    "PT-16": "Viana do Castelo",
    "PT-17": "Vila Real",
    "PT-18": "Viseu",
    "PT-20": "Regiāo Autónoma dos Açores",
    "PT-30": "Regiāo Autónoma da Madeira",
    "PW-PW": "Palau",
    "PY-1": "Concepción",
    "PY-10": "Alto Parang",
    "PY-11": "Central",
    "PY-12": "Neembucú",
    "PY-13": "Amambay",
    "PY-14": "Canindeyú",
    "PY-15": "Presidente Hayes",
    "PY-16": "Alto Paraguay",
    "PY-19": "Boquerón",
    "PY-2": "San Pedro",
    "PY-3": "Cordillera",
    "PY-4": "Guairá",
    "PY-5": "Caaguazú",
    "PY-6": "Caazapá",
    "PY-7": "Itapúa",
    "PY-8": "Misiones",
    "PY-9": "Paraguarī",
    "PY-ASU": "Asunción",
    "QA-DA": "Ad Dawḩah",
    "QA-GH": "Al Ghuwayrīyah",
    "QA-JB": "Jarīyān al Bāţnah",
    "QA-JU": "Al Jumaylīyah",
    "QA-KH": "Al Khawr",
    "QA-MS": "Madīnat ash Shamāl",
    "QA-RA": "Ar Rayyān",
    "QA-US": "Umm Şalāl",
    "QA-WA": "Al Wakrah",
    "RE-RE": "Reunion",
    "RO-AB": "Alba",
    "RO-AG": "Argeş",
    "RO-AR": "Arad",
    "RO-B": "Bucureşti",
    "RO-BC": "Bacău",
    "RO-BH": "Bihor",
    "RO-BN": "Bistriţa-Năsăud",
    "RO-BR": "Brăila",
    "RO-BT": "Botoşani",
    "RO-BV": "Braşov",
    "RO-BZ": "Buzău",
    "RO-CJ": "Cluj",
    "RO-CL": "Călăraşi",
    "RO-CS": "Caraş-Severin",
    "RO-CT": "Constanţa",
    "RO-CV": "Covasna",
    "RO-DB": "Dâmboviţa",
    "RO-DJ": "Dolj",
    "RO-GJ": "Gorj",
    "RO-GL": "Galaţi",
    "RO-GR": "Giurgiu",
    "RO-HD": "Hunedoara",
    "RO-HR": "Harghita",
    "RO-IL": "Ialomiţa",
    "RO-IS": "Iaşi",
    "RO-MH": "Mehedinţi",
    "RO-MM": "Maramureş",
    "RO-MS": "Mureş",
    "RO-NT": "Neamţ",
    "RO-OT": "Olt",
    "RO-PH": "Prahova",
    "RO-SB": "Sibiu",
    "RO-SJ": "Sălaj",
    "RO-SM": "Satu Mare",
    "RO-SV": "Suceava",
    "RO-TL": "Tulcea",
    "RO-TM": "Timiş",
    "RO-TR": "Teleorman",
    "RO-VL": "Vâlcea",
    "RO-VN": "Vrancea",
    "RO-VS": "Vaslui",
    "RU-AD": "Adygeya, Respublika",
    "RU-AGB": "Aginskiy Buryatskiy avtonomnyy okrug",
    "RU-AL": "Altay, Respublika",
    "RU-ALT": "Altayskiy kray",
    "RU-AMU": "Amurskaya Oblast'",
    "RU-ARK": "Arkhangel'skaya Oblast'",
    "RU-AST": "Astrakhanskaya Oblast'",
    "RU-BA": "Bashkortostan, Respublika",
    "RU-BEL": "Belgorodskaya Oblast'",
    "RU-BRY": "Bryanskaya Oblast'",
    "RU-BU": "Buryatiya, Respublika",
    "RU-CE": "Chechenskaya Respublika",
    "RU-CHE": "Chelyabinskaya Oblast'",
    "RU-CHI": "Chitinskaya Oblast'",
    "RU-CHU": "Chukotskiy avtonomnyy okrug",
    "RU-CU": "Chuvashskaya Respublika",
    "RU-DA": "Dagestan, Respublika",
    "RU-EVE": "Evenkiyskiy avtonomnyy okrug",
    "RU-IN": "Ingushskaya Respublika",
    "RU-IRK": "Irkutskaya Oblast'",
    "RU-IVA": "Ivanovskaya Oblast'",
    "RU-KAM": "Kamchatskaya Oblast'",
    "RU-KB": "Kabardino-Balkarskaya Respublika",
    "RU-KC": "Karachayevo-Cherkesskaya Respublika",
    "RU-KDA": "Krasnodarskiy kray",
    "RU-KEM": "Kemerovskaya Oblast'",
    "RU-KGD": "Kaliningradskaya Oblast'",
    "RU-KGN": "Kurganskaya Oblast'",
    "RU-KHA": "Khabarovskiy kray",
    "RU-KHM": "Khanty-Mansiyskiy avtonomnyy okrug",
    "RU-KIR": "Kirovskaya Oblast'",
    "RU-KK": "Khakasiya, Respublika",
    "RU-KL": "Kalmykiya, Respublika",
    "RU-KLU": "Kaluzhskaya Oblast'",
    "RU-KO": "Komi, Respublika",
    "RU-KOP": "Komi-Permyatskiy avtonomnyy okrug",
    "RU-KOR": "Koryakskiy avtonomnyy okrug",
    "RU-KOS": "Kostromskaya Oblast'",
    "RU-KR": "Kareliya, Respublika",
    "RU-KRS": "Kurskaya Oblast'",
    "RU-KYA": "Krasnoyarskiy kray",
    "RU-LEN": "Leningradskaya Oblast'",
    "RU-LIP": "Lipetskaya Oblast'",
    "RU-MAG": "Magadanskaya Oblast'",
    "RU-ME": "Mariy El, Respublika",
    "RU-MO": "Mordoviya, Respublika",
    "RU-MOS": "Moskovskaya Oblast'",
    "RU-MOW": "Moskva",
    "RU-MUR": "Murmanskaya Oblast'",
    "RU-NEN": "Nenetskiy avtonomnyy okrug",
    "RU-NGR": "Novgorodskaya Oblast'",
    "RU-NIZ": "Nizhegorodskaya Oblast'",
    "RU-NVS": "Novosibirskaya Oblast'",
    "RU-OMS": "Omskaya Oblast'",
    "RU-ORE": "Orenburgskaya Oblast'",
    "RU-ORL": "Orlovskaya Oblast'",
    "RU-PER": "Permskaya Oblast'",
    "RU-PNZ": "Penzenskaya Oblast'",
    "RU-PRI": "Primorskiy kray",
    "RU-PSK": "Pskovskaya Oblast'",
    "RU-ROS": "Rostovskaya Oblast'",
    "RU-RYA": "Ryazanskaya Oblast'",
    "RU-SA": "Sakha, Respublika [Yakutiya]",
    "RU-SAK": "Sakhalinskaya Oblast'",
    "RU-SAM": "Samarskaya Oblast’",
    "RU-SAR": "Saratovskaya Oblast'",
    "RU-SE": "Severnaya Osetiya, Respublika [Alaniya]",
    "RU-SMO": "Smolenskaya Oblast'",
    "RU-SPE": "Sankt-Peterburg",
    "RU-STA": "Stavropol 'skiy kray",
    "RU-SVE": "Sverdlovskaya Oblast'",
    "RU-TA": "Tatarstan, Respublika",
    "RU-TAM": "Tambovskaya Oblast'",
    "RU-TAY": "Taymyrskiy (Dolgano-Nenetskiy) avtonomnyy okrug",
    "RU-TOM": "Tomskaya Oblast’",
    "RU-TUL": "Tul'skaya Oblast'",
    "RU-TVE": "Tverskaya Oblast'",
    "RU-TY": "Tyva, Respublika [Tuva]",
    "RU-TYU": "Tyumenskaya Oblast'",
    "RU-UD": "Udmurtskaya Respublika",
    "RU-ULY": "Ul'yanovskaya Oblast'",
    "RU-UOB": "Ust’-Ordynskiy Buryatskiy avtonomnyy okrug",
    "RU-VGG": "Volgogradskaya Oblast'",
    "RU-VLA": "Vladimirskaya Oblast'",
    "RU-VLG": "Vologodskaya Oblast'",
    "RU-VOR": "Voronezhskaya Oblast'",
    "RU-YAN": "Yamalo-Nenetskiy avtonomnyy okrug",
    "RU-YAR": "Yaroslavskaya Oblast'",
    "RU-YEV": "Yevreyskaya avtonomnaya oblast'",
    "RW-B": "Gitarama",
    "RW-C": "Butare",
    "RW-D": "Gikongoro",
    "RW-E": "Cyangugu",
    "RW-F": "Kibuye",
    "RW-G": "Gisenyi",
    "RW-H": "Ruhengeri",
    "RW-I": "Byumba",
    "RW-J": "Kibungo",
    "RW-K": "Kigali-Rural (Kigali y’ Icyaro)",
    "RW-L": "Kigali-Ville (Kilgali Ngari)",
    "RW-M": "Mutara",
    "SA-02": "Makkah",
    "SA-03": "Al Madīnah",
    "SA-04": "Ash Sharqīyah",
    "SA-05": "Al Qaşim",
    "SA-06": "Ḩā'il",
    "SA-07": "Tabūk",
    "SA-08": "Al Ḩudūd ash Shamālīyah",
    "SA-09": "Jīzān",
    "SA-10": "Najrān",
    "SA-11": "Al Bāḩah",
    "SA-12": "Al Jawf",
    "SA-14": "‘Asīr",
    "SA-O1": "Ar Riyāḑ",
    "SB-CE": "Central",
    "SB-CT": "Capital Territory (Honiara)",
    "SB-GU": "Guadalcanal",
    "SB-IS": "Isabel",
    "SB-MK": "Makira",
    "SB-ML": "Malaita",
    "SB-TE": "Temotu",
    "SB-WE": "Western",
    "SC-SC": "Seychelles",
    "SD-01": "Ash Shamālīyah",
    "SD-02": "Shamāl Dārfūr",
    "SD-03": "Al Kharţūm",
    "SD-04": "An Nīl",
    "SD-05": "Kassalā",
    "SD-06": "Al Qaḑārif",
    "SD-07": "Al Jazīrah",
    "SD-08": "An Nīl al Abyaḑ",
    "SD-09": "Shamāl Kurdufān",
    "SD-10": "Gharb Kurdufān",
    "SD-11": "Janūb Dārfūr",
    "SD-12": "Gharb Dārfūr",
    "SD-13": "Janūb Kurdufān",
    "SD-14": "Gharb Baḩr al Ghazāl",
    "SD-15": "Shamāl Baḩr al Ghazāl",
    "SD-16": "Gharb al Istiwā'īyah",
    "SD-17": "Baḩr al Jabal",
    "SD-18": "Al Buḩayrāt",
    "SD-19": "Sharq al Istiwā'iyah",
    "SD-20": "Jūnqalī",
    "SD-21": "Wārāb",
    "SD-22": "Al Waḩdah",
    "SD-23": "A‘ālī an Nīl",
    "SD-24": "An Nīl al Azraq",
    "SD-25": "Sinnār",
    "SD-26": "Al Baḩr al Aḩmar",
    "SE-AB": "Stockholms län",
    "SE-AC": "Västerbottens län",
    "SE-BD": "Norrbottens län",
    "SE-C": "Uppsala län",
    "SE-D": "Södermanlands län",
    "SE-E": "Östergötlands län",
    "SE-F": "Jönköpings län",
    "SE-G": "Kronobergs län",
    "SE-H": "Kalmar län",
    "SE-I": "Gotlands län",
    "SE-K": "Blekinge län",
    "SE-M": "Skåne län",
    "SE-N": "Hallands län",
    "SE-O": "Västra Götalands län",
    "SE-S": "Värmlands län",
    "SE-T": "Örebro län",
    "SE-U": "Västmanlands län",
    "SE-W": "Dalarnas län",
    "SE-X": "Gävleborgs län",
    "SE-Y": "Västernorrlands län",
    "SE-Z": "Jämtlands län",
    "SG-SG": "Singapore",
    "SH-AC": "Ascension",
    "SH-SH": "Saint Helena",
    "SH-TA": "Tristan da Cunha",
    "SI-01": "Pomurska",
    "SI-02": "Podravska",
    "SI-03": "Koroška",
    "SI-04": "Savinjska",
    "SI-05": "Zasavska",
    "SI-06": "Spodnjeposavska",
    "SI-07": "Dolenjska",
    "SI-08": "Osrednjeslovenska",
    "SI-09": "Gorenjska",
    "SI-10": "Notranjsko-kraška",
    "SI-11": "Goriška",
    "SI-12": "Obalno-kraška",
    "SJ-SJ": "Svalbard & Jan Mayen Islands",
    "SK-BC": "Banskobystrický kraj",
    "SK-BL": "Bratislavský kraj",
    "SK-KI": "Košický kraj",
    "SK-NI": "Nitriansky kraj",
    "SK-PV": "Prešovský kraj",
    "SK-TA": "Trnavský kraj",
    "SK-TC": "Trenčiansky kraj",
    "SK-ZI": "Žilinský kraj",
    "SL-E": "Eastern",
    "SL-N": "Northern",
    "SL-S": "Southern",
    "SL-W": "Western Area (Freetown)",
    "SM-SM": "San Marino",
    "SN-DB": "Diourbel",
    "SN-DK": "Dakar",
    "SN-FK": "Fatick",
    "SN-KD": "Kolda",
    "SN-KL": "Kaolack",
    "SN-LG": "Louga",
    "SN-SL": "Saint-Louis",
    "SN-TC": "Tambacounda",
    "SN-TH": "Thiès",
    "SN-ZG": "Ziguinchor",
    "SO-AW": "Awdal",
    "SO-BK": "Bakool",
    "SO-BN": "Banaadir",
    "SO-BR": "Bari",
    "SO-BY": "BaY",
    "SO-GA": "Galguduud",
    "SO-GE": "Gedo",
    "SO-HI": "Hiiraan",
    "SO-JD": "Jubbada Dhexe",
    "SO-JH": "Jubbada Hoose",
    "SO-MU": "Mudug",
    "SO-NU": "Nugaal",
    "SO-SA": "Sanaag",
    "SO-SD": "Shabeellaha Dhexe",
    "SO-SH": "Shabeellaha Hoose",
    "SO-SO": "Sool",
    "SO-TO": "Togdheer",
    "SO-WO": "Woqooyi Galbeed",
    "SR-BR": "Brokopondo",
    "SR-CM": "Commewijne",
    "SR-CR": "Coronie",
    "SR-MA": "Marowijne",
    "SR-NI": "Nickerie",
    "SR-PM": "Paramaribo",
    "SR-PR": "Para",
    "SR-SA": "Saramacca",
    "SR-SI": "Sipaliwini",
    "SR-WA": "Wanica",
    "ST-P": "Príncipe",
    "ST-S": "Sāo Tomé",
    "SV-AH": "Ahuachapán",
    "SV-CA": "Cabañas",
    "SV-CH": "Chalatenango",
    "SV-CU": "Cuscatlán",
    "SV-LI": "La Libertad",
    "SV-MO": "Morazán",
    "SV-PA": "La Paz",
    "SV-SA": "Santa Ana",
    "SV-SM": "San Miguel",
    "SV-SO": "Sonsonate",
    "SV-SS": "San Salvador",
    "SV-SU": "Usulután",
    "SV-SV": "San Vicente",
    "SV-UN": "La Unión",
    "SY-DI": "Dimashq",
    "SY-DR": "Dar’ā",
    "SY-DY": "Dayr az Zawr",
    "SY-HA": "Al Ḩasakah",
    "SY-HI": "Ḩimş",
    "SY-HL": "Ḩalab",
    "SY-HM": "Ḩamāh",
    "SY-ID": "Idlib",
    "SY-LA": "Al Lādhiqīyah",
    "SY-QU": "Al Qunayţirah",
    "SY-RA": "Ar Raqqah",
    "SY-RD": "Rīf Dimashq",
    "SY-SU": "As Suwaydā'",
    "SY-TA": "Ţarţūs",
    "SZ-HH": "Hhohho",
    "SZ-LU": "Lubombo",
    "SZ-MA": "Manzini",
    "SZ-SH": "Shiselweni",
    "TC-TC": "Turks & Caicos Islands",
    "TD-BA": "Batha",
    "TD-BET": "Borkou-Ennedi-Tibesti",
    "TD-BI": "Biltine",
    "TD-CB": "Chari-Baguirmi",
    "TD-GR": "Guéra",
    "TD-KA": "Kanem",
    "TD-LC": "Lac",
    "TD-LO": "Logone-Occidental",
    "TD-LR": "Logone-Oriental",
    "TD-MC": "Moyen-Chari",
    "TD-MK": "Mayo-Kébbi",
    "TD-OD": "Ouaddaï",
    "TD-SA": "Salamat",
    "TD-TA": "Tandjilé",
    "TF-TF": "French Southern Territories",
    "TG-C": "Centre",
    "TG-K": "Kara",
    "TG-M": "Maritime (Région)",
    "TG-P": "Plateaux",
    "TG-S": "Savannes",
    "TH-10": "Krung Thep Maha Nakhon [Bangkok]",
    "TH-11": "Samut Prakan",
    "TH-12": "Nonthaburi",
    "TH-13": "Pathum Thani",
    "TH-14": "Phra Nakhon Si Ayutthaya",
    "TH-15": "Ang Thong",
    "TH-16": "Lop Buri",
    "TH-17": "Sing Buri",
    "TH-18": "Chai Nat",
    "TH-19": "Saraburi",
    "TH-20": "Chon Buri",
    "TH-21": "Rayong",
    "TH-22": "Chanthaburi",
    "TH-23": "Trat",
    "TH-24": "Chachoengsao",
    "TH-25": "Prachin Buri",
    "TH-26": "Nakhon Nayok",
    "TH-27": "Sa Kaeo",
    "TH-30": "Nakhon Ratchasima",
    "TH-31": "Buri Ram",
    "TH-32": "Surin",
    "TH-33": "Si Sa Ket",
    "TH-34": "Ubon Ratchathani",
    "TH-35": "Yasothon",
    "TH-36": "Chaiyaphum",
    "TH-37": "Amnat Charoen",
    "TH-39": "Nong Bua Lam Phu",
    "TH-40": "Khon Kaen",
    "TH-41": "Udon Thani",
    "TH-42": "Loei",
    "TH-43": "Nong Khai",
    "TH-44": "Maha Sarakham",
    "TH-45": "Roi Et",
    "TH-46": "Kalasin",
    "TH-47": "Sakon Nakhon",
    "TH-48": "Nakhon Phanom",
    "TH-49": "Mukdahan",
    "TH-50": "Chiang Mai",
    "TH-51": "Lamphun",
    "TH-52": "Lampang",
    "TH-53": "Uttaradit",
    "TH-54": "Phrae",
    "TH-55": "Nan",
    "TH-56": "Phayao",
    "TH-57": "Chiang Rai",
    "TH-58": "Mae Hong Son",
    "TH-60": "Nakhon Sawan",
    "TH-61": "Uthai Thani",
    "TH-62": "Kamphaeng Phet",
    "TH-63": "Tak",
    "TH-64": "Sukhothai",
    "TH-65": "Phitsanulok",
    "TH-66": "Phichit",
    "TH-67": "Phetchabun",
    "TH-70": "Ratchaburi",
    "TH-71": "Kanchanaburi",
    "TH-72": "Suphan Buri",
    "TH-73": "Nakhon Pathom",
    "TH-74": "Samut Sakhon",
    "TH-75": "Samut Songkhram",
    "TH-76": "Phetchaburi",
    "TH-77": "Prachuap Khiri Khan",
    "TH-80": "Nakhon Si Thammarat",
    "TH-81": "Krabi",
    "TH-82": "Phangnga",
    "TH-83": "Phuket",
    "TH-84": "Surat Thani",
    "TH-85": "Ranong",
    "TH-86": "Chumphon",
    "TH-90": "Songkhla",
    "TH-91": "Satun",
    "TH-92": "Trang",
    "TH-93": "Phatthalung",
    "TH-94": "Pattani",
    "TH-95": "Yala",
    "TH-96": "Narathiwat",
    "TH-S": "Phatthaya",
    "TJ-GB": "Gorno-Badakhshan",
    "TJ-KR": "Karategin",
    "TJ-KT": "Khatlon",
    "TJ-LN": "Leninabad",
    "TK-TK": "Tokelau",
    "TM-A": "Ahal",
    "TM-B": "Balkan",
    "TM-D": "Daşhowuz",
    "TM-L": "Lebap",
    "TM-M": "Mary",
    "TN-11": "Tunis",
    "TN-12": "L'Ariana",
    "TN-13": "Ben Arous",
    "TN-21": "Nabeul",
    "TN-22": "Zaghouan",
    "TN-23": "Bizerte",
    "TN-31": "Béja",
    "TN-32": "Jendouba",
    "TN-33": "Le Kef",
    "TN-34": "Siliana",
    "TN-41": "Kairouan",
    "TN-42": "Kasserine",
    "TN-43": "Sidi Bouzid",
    "TN-51": "Sousse",
    "TN-52": "Monastir",
    "TN-53": "Mahdia",
    "TN-61": "Sfax",
    "TN-71": "Gafsa",
    "TN-72": "Tozeur",
    "TN-73": "Kebili",
    "TN-81": "Gabès",
    "TN-82": "Medenine",
    "TN-83": "Tataouine",
    "TO-TO": "Tonga",
    "TP-TP": "East Timor",
    "TR-01": "Adana",
    "TR-02": "Adiyaman",
    "TR-03": "Afyon",
    "TR-04": "Ağrı",
    "TR-05": "Amasya",
    "TR-06": "Ankara",
    "TR-07": "Antalya",
    "TR-08": "Artvin",
    "TR-09": "Aydin",
    "TR-10": "Balıkesir",
    "TR-11": "Bilecik",
    "TR-12": "Bingöl",
    "TR-13": "Bitlis",
    "TR-14": "Bolu",
    "TR-15": "Burdur",
    "TR-16": "Bursa",
    "TR-17": "Çanakkale",
    "TR-18": "Çankırı",
    "TR-19": "Çorum",
    "TR-20": "Denizli",
    "TR-21": "Diyarbakır",
    "TR-22": "Edirne",
    "TR-23": "Elaziğ",
    "TR-24": "Erzincan",
    "TR-25": "Erzurum",
    "TR-26": "Eskişehir",
    "TR-27": "Gaziantep",
    "TR-28": "Giresun",
    "TR-29": "Gümüşhane",
    "TR-30": "Hakkari",
    "TR-31": "Hatay",
    "TR-32": "Isparta",
    "TR-33": "İçel",
    "TR-34": "İstanbul",
    "TR-35": "İzmir",
    "TR-36": "Kars",
    "TR-37": "Kastamonu",
    "TR-38": "Kayseri",
    "TR-39": "Kırklareli",
    "TR-40": "Kırşehir",
    "TR-41": "Kocaeli",
    "TR-42": "Konya",
    "TR-43": "Kütahya",
    "TR-44": "Malatya",
    "TR-46": "Kahramanmaraş",
    "TR-47": "Mardin",
    "TR-48": "Muğla",
    "TR-49": "Muş",
    "TR-4S": "Manisa",
    "TR-51": "Niğde",
    "TR-52": "Ordu",
    "TR-53": "Rize",
    "TR-54": "Sakarya",
    "TR-56": "Siirt",
    "TR-57": "Sinop",
    "TR-59": "Tekirdağ",
    "TR-60": "Tokat",
    "TR-61": "Trabzon",
    "TR-62": "Tunceli",
    "TR-63": "Şanlıurfa",
    "TR-64": "Uşak",
    "TR-65": "Van",
    "TR-66": "Yozgat",
    "TR-67": "Zonguldak",
    "TR-68": "Aksaray",
    "TR-69": "Bayburt",
    "TR-70": "Karaman",
    "TR-71": "Kırıkkale",
    "TR-72": "Batman",
    "TR-73": "Şirnak",
    "TR-74": "Bartın",
    "TR-75": "Ardahan",
    "TR-76": "Iğdir",
    "TR-77": "Yalova",
    "TR-78": "Karabük",
    "TR-79": "Kilis",
    "TR-S8": "Sivas",
    "TR-SO": "Nevşehir",
    "TR-SS": "Samsun",
    "TT-ARI": "Arima",
    "TT-CHA": "Chaguanas",
    "TT-CTT": "Couva-Tabaquite-Talparo",
    "TT-DMN": "Diego Martin",
    "TT-ETO": "Eastern Tobago",
    "TT-PED": "Penal-Debe",
    "TT-POS": "Port of Spain",
    "TT-PRT": "Princes Town",
    "TT-PTF": "Point Fortin",
    "TT-RCM": "Rio Claro-Mayaro",
    "TT-SFO": "San Fernando",
    "TT-SGE": "Sangre Grande",
    "TT-SIP": "Siparia",
    "TT-SJL": "San Juan-Laventille",
    "TT-TUP": "Tunapuna-Piarco",
    "TT-WTO": "Western Tobago",
    "TV-TV": "Tuvalu",
    "TW-CHA": "Changhua",
    "TW-CYI": "Chiayi",
    "TW-HSZ": "Hsinchu",
    "TW-HUA": "Hualien",
    "TW-ILA": "Ilan",
    "TW-KEE": "Keelung",
    "TW-KHH": "Kaohsiung",
    "TW-MIA": "Miaoli",
    "TW-NAN": "Nantou",
    "TW-PEN": "Penghu",
    "TW-PIF": "Pingtung",
    "TW-TAO": "Taoyuan",
    "TW-TNN": "Tainan",
    "TW-TPE": "Taipei",
    "TW-TTT": "Taitung",
    "TW-TXG": "Taichung",
    "TW-YUN": "Yunlin",
    "TZ-01": "Arusha",
    "TZ-02": "Dar-es-Salaam",
    "TZ-03": "Dodoma",
    "TZ-04": "Iringa",
    "TZ-05": "Kagera",
    "TZ-06": "Kaskazini Pemba (Pemba North)",
    "TZ-07": "Kaskazini Unguja (Zanzibar North)",
    "TZ-08": "Kigoma",
    "TZ-09": "Kilimanjaro",
    "TZ-10": "Kusini Pemba (Pemba South)",
    "TZ-11": "Kusini Unguja (Zanzibar South)",
    "TZ-12": "Lindi",
    "TZ-13": "Mara",
    "TZ-14": "Mbeya",
    "TZ-15": "Mjini Magharibi (Zanzibar West)",
    "TZ-16": "Morogoro",
    "TZ-17": "Mtwara",
    "TZ-18": "Mwanza",
    "TZ-19": "Pwani (Coast)",
    "TZ-20": "Rukwa",
    "TZ-21": "Ruvuma",
    "TZ-22": "Shinyanga",
    "TZ-23": "Singida",
    "TZ-24": "Tabora",
    "TZ-25": "Tanga",
    "UA-05": "Vinnyts'ka Oblast'",
    "UA-07": "Volyns'ka Oblast'",
    "UA-09": "Luhans'ka Oblast'",
    "UA-12": "Dnipropetrovs'ka Oblast'",
    "UA-14": "Donets'ka Oblast'",
    "UA-18": "Zhytomyrs'ka Oblast'",
    "UA-21": "Zakarpats'ka Oblast'",
    "UA-23": "Zaporiz'ka Oblast'",
    "UA-26": "Ivano-Frankivs'ka Oblast'",
    "UA-30": "Kyïv",
    "UA-32": "Kyïvs'ka Oblast'",
    "UA-35": "Kirovohrads'ka Oblast'",
    "UA-40": "Sevastopol'",
    "UA-43": "Respublika Krym",
    "UA-46": "L'vivs'ka Oblast'",
    "UA-48": "Mykolaïvs'ka Oblast'",
    "UA-51": "Odes'ka Oblast'",
    "UA-53": "Poltavs'ka Oblast'",
    "UA-56": "Rivnens'ka Oblast'",
    "UA-59": "Sums'ka Oblast'",
    "UA-61": "Ternopil's'ka Oblast'",
    "UA-63": "Kharkivs'ka Oblast'",
    "UA-65": "Khersons'ka Oblast'",
    "UA-68": "Khmel'nyts'ka Oblast'",
    "UA-71": "Cherkas'ka Oblast'",
    "UA-74": "Chernihivs'ka Oblast'",
    "UA-77": "Chernivets'ka Oblast'",
    "UG-APA": "Apac",
    "UG-ARU": "Arua",
    "UG-BUN": "Bundibugyo",
    "UG-BUS": "Bushenyi",
    "UG-GUL": "Gulu",
    "UG-HOI": "Hoima",
    "UG-IGA": "Iganga",
    "UG-JIN": "Jinja",
    "UG-KAP": "Kapchorwa",
    "UG-KAS": "Kasese",
    "UG-KBL": "Kabale",
    "UG-KBR": "Kabarole",
    "UG-KIB": "Kiboga",
    "UG-KIS": "Kisoro",
    "UG-KIT": "Kitgum",
    "UG-KLA": "Kampala",
    "UG-KLE": "Kibaale",
    "UG-KLG": "Kalangala",
    "UG-KLI": "Kamuli",
    "UG-KOT": "Kotido",
    "UG-KUM": "Kumi",
    "UG-LIR": "Lira",
    "UG-LUW": "Luwero",
    "UG-MBL": "Mbale",
    "UG-MBR": "Mbarara",
    "UG-MOR": "Moroto",
    "UG-MOY": "Moyo",
    "UG-MPI": "Mpigi",
    "UG-MSI": "Masindi",
    "UG-MSK": "Masaka",
    "UG-MUB": "Mubende",
    "UG-MUK": "Mukono",
    "UG-NEB": "Nebbi",
    "UG-NTU": "Ntungamo",
    "UG-PAL": "Pallisa",
    "UG-RAK": "Rakai",
    "UG-RUK": "Rukungiri",
    "UG-SOR": "Soroti",
    "UG-TOR": "Tororo",
    "US-AK": "Alaska",
    "US-AL": "Alabama",
    "US-AR": "Arkansas",
    "US-AS": "American Samoa",
    "US-AZ": "Arizona",
    "US-CA": "California",
    "US-CO": "Colorado",
    "US-CT": "Connecticut",
    "US-DC": "District of Columbia",
    "US-DE": "Delaware",
    "US-FL": "Florida",
    "US-GA": "Georgia",
    "US-GU": "Guam",
    "US-HI": "Hawaii",
    "US-IA": "Iowa",
    "US-ID": "Idaho",
    "US-IL": "Illinois",
    "US-IN": "Indiana",
    "US-KS": "Kansas",
    "US-KY": "Kentucky",
    "US-LA": "Louisiana",
    "US-MA": "Massachusetts",
    "US-MD": "Maryland",
    "US-ME": "Maine",
    "US-MI": "Michigan",
    "US-MN": "Minnesota",
    "US-MO": "Missouri",
    "US-MP": "Northern Mariana Islands",
    "US-MS": "Mississippi",
    "US-MT": "Montana",
    "US-NC": "North Carolina",
    "US-ND": "North Dakota",
    "US-NE": "Nebraska",
    "US-NH": "New Hampshire",
    "US-NJ": "New Jersey",
    "US-NM": "New Mexico",
    "US-NV": "Nevada",
    "US-NY": "New York",
    "US-OH": "Ohio",
    "US-OK": "Oklahoma",
    "US-OR": "Oregon",
    "US-PA": "Pennsylvania",
    "US-PR": "Puerto Rico",
    "US-RI": "Rhode Island",
    "US-SC": "South Carolina",
    "US-SD": "South Dakota",
    "US-TN": "Tennessee",
    "US-TX": "Texas",
    "US-UM": "United States Minor Outlying Islands",
    "US-UT": "Utah",
    "US-VA": "Virginia",
    "US-VI": "Virgin Islands, U.S.",
    "US-VT": "Vermont",
    "US-WA": "Washington",
    "US-WI": "Wisconsin",
    "US-WV": "West Virginia",
    "US-WY": "Wyoming",
    "UY-AR": "Artigas",
    "UY-CA": "Canelones",
    "UY-CL": "Cerro Largo",
    "UY-CO": "Colonia",
    "UY-DU": "Durazno",
    "UY-FD": "Florida",
    "UY-FS": "Flores",
    "UY-LA": "Lavalleja",
    "UY-MA": "Maldonado",
    "UY-MO": "Montevideo",
    "UY-PA": "Paysandú",
    "UY-RN": "Río Negro",
    "UY-RO": "Rocha",
    "UY-RV": "Rivera",
    "UY-SA": "Salto",
    "UY-SJ": "San José",
    "UY-SO": "Soriano",
    "UY-TA": "Tacuarembó",
    "UY-TT": "Treinta y Tres",
    "UZ-AN": "Andijon (Andizhan)",
    "UZ-BU": "Bukhoro (Bukhara)",
    "UZ-FA": "Farghona (Fergana)",
    "UZ-JI": "Jizzakh (Dzhizak)",
    "UZ-KH": "Khorazm (Khorezm)",
    "UZ-NG": "Namangan",
    "UZ-NW": "Nawoiy (Navoi)",
    "UZ-QA": "Qashqadaryo (Kashkadar'ya)",
    "UZ-QR": "Qoraqalpoghiston Respublikasi (Karakalpakstan, Respublika)",
    "UZ-SA": "Samarqand (Samarkand)",
    "UZ-SI": "Sirdaryo (Syrdar'ya)",
    "UZ-SU": "Surkhondaryo (Surkhandar'ya)",
    "UZ-TO": "Toshkent (Tashkent)",
    "VA-VA": "Vatican City (Holy See)",
    "VC-VC": "St. Vincent & the Grenadines",
    "VE-A": "Distrito Federal",
    "VE-B": "Anzoátegui",
    "VE-C": "Apure",
    "VE-D": "Aragua",
    "VE-E": "Barinas",
    "VE-F": "Bolívar",
    "VE-G": "Carabobo",
    "VE-H": "Cojedes",
    "VE-I": "Falcón",
    "VE-J": "Guárico",
    "VE-K": "Lara",
    "VE-L": "Mérida",
    "VE-M": "Miranda",
    "VE-N": "Monagas",
    "VE-O": "Nueva Esparta",
    "VE-P": "Portuguesa",
    "VE-R": "Sucre",
    "VE-S": "Táchira",
    "VE-T": "Trujillo",
    "VE-U": "Yaracuy",
    "VE-V": "Zulia",
    "VE-W": "Dependencias Federales",
    "VE-Y": "Delta Amacuro",
    "VE-Z": "Amazonas",
    "VG-VG": "Virgin Islands (British)",
    "VI-VI": "Virgin Islands (U.S.)",
    "VN-01": "Lai Chau",
    "VN-02": "Lao Cai",
    "VN-03": "Ha Giang",
    "VN-04": "Cao Bang",
    "VN-05": "Son La",
    "VN-06": "Yen Bai",
    "VN-07": "Tuyen Quang",
    "VN-09": "Lang Son",
    "VN-14": "Hoa Binh",
    "VN-15": "Ha Tay",
    "VN-18": "Ninh Binh",
    "VN-20": "Thai Binh",
    "VN-21": "Thanh Hoa",
    "VN-22": "Nghe An",
    "VN-23": "Ha Tinh",
    "VN-24": "Quang Ninh",
    "VN-25": "Quang Tri",
    "VN-26": "Thua Thien-Hue",
    "VN-27": "Quang Nam",
    "VN-28": "Kon Turn",
    "VN-29": "Quang Ngai",
    "VN-30": "Gia Lai",
    "VN-31": "Binh Dinh",
    "VN-32": "Phu Yen",
    "VN-33": "Dac Lac",
    "VN-34": "Khanh Hoa",
    "VN-35": "Lam Dong",
    "VN-36": "Ninh Thuan",
    "VN-37": "Tay Ninh",
    "VN-39": "Dong Nai",
    "VN-40": "Binh Thuan",
    "VN-41": "Long An",
    "VN-43": "Ba Ria - Vung Tau",
    "VN-44": "An Giang",
    "VN-45": "Dong Thap",
    "VN-46": "Tien Giang",
    "VN-47": "Kien Giang",
    "VN-48": "Can Tho",
    "VN-49": "Vinh Long",
    "VN-50": "Ben Tre",
    "VN-51": "Tra Vinh",
    "VN-52": "Sec Trang",
    "VN-53": "Bat Can",
    "VN-54": "Bat Giang",
    "VN-55": "Bat Lieu",
    "VN-56": "Bat Ninh",
    "VN-57": "Binh Duong",
    "VN-58": "Binh Phuoc",
    "VN-59": "Ca Mau",
    "VN-60": "Da Nang, thanh pho",
    "VN-61": "Hai Duong",
    "VN-62": "Hai Phong, thanh pho",
    "VN-63": "Ha Nam",
    "VN-64": "Ha Noi, thu do",
    "VN-65": "Ho Chi Minh, thanh po [Sai Gon]",
    "VN-66": "Hung Yen",
    "VN-67": "Nam Dinh",
    "VN-68": "Phu Tho",
    "VN-69": "Thai Nguyen",
    "VN-70": "Vinh Yen",
    "VN-HN": "Ha Noi",
    "VU-MAP": "Malampa",
    "VU-PAM": "Pénama",
    "VU-SAM": "Sanma",
    "VU-SEE": "Shéfa",
    "VU-TAE": "Taféa",
    "VU-TOB": "Torba",
    "WF-WF": "Wallis & Futuna Islands",
    "WS-AA": "A'ana",
    "WS-AL": "Aiga-i-le-Tai",
    "WS-AT": "Atua",
    "WS-FA": "Fa'asaleleaga",
    "WS-GE": "Gaga'emauga",
    "WS-GI": "Gagaifomauga",
    "WS-PA": "Palauli",
    "WS-SA": "Satupa'itea",
    "WS-TU": "Tuamasaga",
    "WS-VF": "Va'a-o-Fonoti",
    "WS-VS": "Vaisigano",
    "YE-AB": "Abyān",
    "YE-AD": "‘Adan",
    "YE-BA": "Al Bayḑā'",
    "YE-DH": "Dhamār",
    "YE-HD": "Ḩaḑramawt",
    "YE-HJ": "Ḩajjah",
    "YE-HU": "Al Ḩudaydah",
    "YE-IB": "Ibb",
    "YE-JA": "Al Jawf",
    "YE-LA": "Laḩij",
    "YE-MA": "Ma'rib",
    "YE-MR": "Al Mahrah",
    "YE-MW": "Al Maḩwit",
    "YE-SD": "Şa'dah",
    "YE-SH": "Shabwah",
    "YE-SN": "Şan‘ā'",
    "YE-TA": "Ta‘izz",
    "YT-YT": "Mayotte",
    "YU-CG": "Crna Gora",
    "YU-KM": "Kosovo-Metohija",
    "YU-SR": "Srbija",
    "YU-VO": "Vojvodina",
    "ZA-EC": "Eastern Cape (Oos-Kaap)",
    "ZA-FS": "Free State (Vrystaat)",
    "ZA-GP": "Gauteng",
    "ZA-GT": "Gauteng",
    "ZA-MP": "Mpumalanga",
    "ZA-NC": "Northern Cape (Noord-Kaap)",
    "ZA-NL": "Kwazulu-Natal",
    "ZA-NP": "Northern Province (Noordelike Provinsie)",
    "ZA-NW": "North-West (Noord-Wes)",
    "ZA-WC": "Western Cape (Wes-Kaap)",
    "ZM-01": "Western",
    "ZM-02": "Central",
    "ZM-03": "Eastern",
    "ZM-04": "Luapula",
    "ZM-05": "Northern",
    "ZM-06": "North-Western",
    "ZM-07": "Southern",
    "ZM-08": "Copperbelt",
    "ZM-09": "Lusaka",
    "ZW-BU": "Bulawayo",
    "ZW-HA": "Harare",
    "ZW-MA": "Manicaland",
    "ZW-MC": "Mashonaland Central",
    "ZW-ME": "Mashonaland East",
    "ZW-MI": "Midlands",
    "ZW-MN": "Matabeleland North",
    "ZW-MS": "Matabeleland South",
    "ZW-MV": "Masvingo",
    "ZW-MW": "Mashonaland West"
}